Station,Country,Longitude,Latitude,Average,Model_Raw,Residual_Raw,Model_matched_2015_to_2024,Residual_matched_2015_to_2024,Model_matched_2022_to_2024,Residual_matched_2022_to_2024,Model_matched_2023_to_2024,Residual_matched_2023_to_2024
AD0942A,AD,1.5391,42.5097,25.784,0.34170418977737427,-25.442295810222625,25.82311248779297,0.03911248779296983,24.219308853149414,-1.5646911468505849,23.487546920776367,-2.2964530792236317
AT0ENK1,AT,13.6709,48.3916,7.604,5.44200325012207,-2.16199674987793,6.608606338500977,-0.9953936614990235,8.333688735961914,0.729688735961914,8.011149406433105,0.4071494064331054
AT0KLH1,AT,15.9563,46.7672,6.013,4.4265570640563965,-1.5864429359436034,5.587086200714111,-0.4259137992858886,7.107791423797607,1.0947914237976075,5.540421962738037,-0.4725780372619628
AT0PIL1,AT,15.936,48.7212,5.993,3.053464412689209,-2.9395355873107913,6.425856590270996,0.43285659027099577,7.068634510040283,1.0756345100402829,5.771892070770264,-0.22110792922973665
AT0VOR1,AT,12.9746,46.6777,2.088,1.7449828386306763,-0.3430171613693238,2.5902161598205566,0.5022161598205566,3.4042015075683594,1.3162015075683593,2.4262213706970215,0.3382213706970214
AT0ZOE2,AT,14.4409,47.8383,1.995,1.9168672561645508,-0.07813274383544933,2.582214593887329,0.587214593887329,3.179955005645752,1.1849550056457518,2.8074967861175537,0.8124967861175536
AT10003,AT,17.0703,48.1092,9.942,10.940916061401367,0.998916061401367,10.45926570892334,0.5172657089233397,11.213193893432617,1.271193893432617,10.30844783782959,0.3664478378295897
AT2KA71,AT,14.2991,46.6266,15.109,8.463170051574707,-6.645829948425293,15.802522659301758,0.6935226593017578,18.22622299194336,3.1172229919433594,15.525449752807617,0.4164497528076172
AT2SP10,AT,13.1945,46.935,8.5,1.1640304327011108,-7.335969567298889,11.237825393676758,2.737825393676758,13.888330459594727,5.388330459594727,8.806317329406738,0.3063173294067383
AT2SP18,AT,13.4939,46.8014,13.902,4.810086727142334,-9.091913272857665,18.281578063964844,4.3795780639648445,23.222322463989258,9.320322463989259,15.895027160644531,1.993027160644532
AT2WO35,AT,14.8917,46.7083,6.664,5.293689250946045,-1.3703107490539548,7.562787055969238,0.8987870559692386,8.613672256469727,1.9496722564697269,6.4540276527404785,-0.20997234725952119
AT30065,AT,16.1434,48.1955,11.094,4.457220554351807,-6.636779445648193,8.751998901367188,-2.342001098632812,10.463351249694824,-0.6306487503051752,12.891077041625977,1.7970770416259771
AT30101,AT,14.8788,48.1199,14.158,7.015023708343506,-7.142976291656494,10.93863296508789,-3.219367034912109,12.601341247558594,-1.5566587524414057,14.530740737915039,0.3727407379150396
AT30201,AT,16.2057,47.9592,8.165,6.691677093505859,-1.4733229064941398,5.5948805809021,-2.5701194190978995,6.66497802734375,-1.5000219726562491,9.021406173706055,0.8564061737060555
AT30202,AT,15.9189,48.1051,5.45,5.328033447265625,-0.12196655273437518,3.711242198944092,-1.7387578010559084,4.247891426086426,-1.2021085739135744,4.894210338592529,-0.5557896614074709
AT30301,AT,16.9579,48.1442,8.294,5.43744421005249,-2.8565557899475102,9.39362621307373,1.09962621307373,10.061233520507812,1.767233520507812,8.665274620056152,0.37127462005615186
AT30302,AT,16.6753,48.05,7.077,4.703232765197754,-2.373767234802246,5.909084320068359,-1.1679156799316406,6.3906660079956055,-0.6863339920043945,7.426543235778809,0.34954323577880864
AT30401,AT,16.7294,48.3347,7.131,3.919445514678955,-3.211554485321045,7.5419769287109375,0.4109769287109373,7.884613037109375,0.7536130371093748,7.9666876792907715,0.8356876792907713
AT30403,AT,16.522,48.3929,8.745,4.608949661254883,-4.136050338745116,7.177198886871338,-1.5678011131286613,8.349370002746582,-0.3956299972534172,8.22780990600586,-0.5171900939941398
AT30407,AT,16.6363,48.2307,7.45,4.224159240722656,-3.225840759277344,7.964181423187256,0.5141814231872557,8.349272727966309,0.8992727279663084,7.723170280456543,0.2731702804565428
AT30502,AT,15.0467,48.8786,4.714,2.680255651473999,-2.0337443485260014,4.153853893280029,-0.5601461067199711,4.098898887634277,-0.6151011123657231,3.8787753582000732,-0.8352246417999272
AT30601,AT,16.3139,48.3025,9.253,7.705582141876221,-1.5474178581237794,9.243993759155273,-0.009006240844726676,8.632889747619629,-0.6201102523803712,7.959656238555908,-1.293343761444092
AT31204,AT,15.205,48.2128,11.969,5.104663372039795,-6.8643366279602045,10.914529800415039,-1.0544701995849604,11.458409309387207,-0.5105906906127924,10.86909008026123,-1.099909919738769
AT31401,AT,16.301,48.0856,12.837,8.203086853027344,-4.633913146972656,9.617637634277344,-3.219362365722656,9.746288299560547,-3.090711700439453,11.84074592590332,-0.9962540740966794
AT31502,AT,15.86,47.6703,3.256,2.299440860748291,-0.9565591392517088,3.8497960567474365,0.5937960567474367,3.4550132751464844,0.1990132751464846,2.618257999420166,-0.6377420005798338
AT31701,AT,15.5455,48.3704,5.734,3.966391086578369,-1.7676089134216308,6.061832427978516,0.32783242797851564,6.9568705558776855,1.2228705558776856,6.070484161376953,0.33648416137695314
AT31901,AT,16.0625,48.3294,12.357,5.87604284286499,-6.480957157135009,11.031002044677734,-1.325997955322265,11.19800090789795,-1.15899909210205,13.559327125549316,1.202327125549317
AT32301,AT,15.6325,48.2116,13.787,6.533114910125732,-7.253885089874268,10.623559951782227,-3.1634400482177742,12.133767127990723,-1.6532328720092782,13.907964706420898,0.12096470642089763
AT32401,AT,16.255,47.8142,12.142,5.4578142166137695,-6.68418578338623,8.377214431762695,-3.764785568237304,9.456379890441895,-2.685620109558105,11.241236686706543,-0.9007633132934565
AT32501,AT,15.6192,48.4086,11.977,4.158845901489258,-7.8181540985107425,9.937165260314941,-2.039834739685059,11.265751838684082,-0.7112481613159183,13.59793472290039,1.6209347229003903
AT32604,AT,14.7723,48.0451,9.003,3.9050426483154297,-5.09795735168457,7.899143218994141,-1.1038567810058595,8.366568565368652,-0.6364314346313478,8.932206153869629,-0.07079384613037121
AT32701,AT,16.4759,48.1456,13.841,12.688911437988281,-1.152088562011718,11.328208923339844,-2.5127910766601556,13.4298677444458,-0.4111322555541985,15.073637962341309,1.2326379623413093
AT4S108,AT,14.5747,48.5311,3.072,3.1558964252471924,0.08389642524719232,4.698172092437744,1.626172092437744,4.376225471496582,1.304225471496582,3.1664113998413086,0.09441139984130853
AT4S125,AT,13.6322,47.7161,8.744,2.5726046562194824,-6.171395343780517,11.170151710510254,2.426151710510254,11.326903343200684,2.582903343200684,8.789458274841309,0.04545827484130882
AT4S184,AT,14.2975,48.3061,16.853,6.38433837890625,-10.468661621093752,17.062896728515625,0.20989672851562347,17.06081199645996,0.2078119964599594,20.646814346313477,3.793814346313475
AT4S404,AT,14.2376,48.2253,14.952,11.426814079284668,-3.525185920715332,12.32577133178711,-2.6262286682128906,12.11694049835205,-2.835059501647949,16.03203582763672,1.0800358276367188
AT4S406,AT,14.0366,48.1649,16.474,8.434121131896973,-8.039878868103028,11.038033485412598,-5.4359665145874025,12.863958358764648,-3.6100416412353518,16.696212768554688,0.2222127685546873
AT4S409,AT,14.4424,48.0493,11.062,4.768672466278076,-6.293327533721923,8.771416664123535,-2.2905833358764642,10.241053581237793,-0.8209464187622064,12.414722442626953,1.3527224426269537
AT4S416,AT,14.3148,48.2733,21.374,16.54190444946289,-4.832095550537108,21.338520050048828,-0.03547994995117065,15.529006004333496,-5.844993995666503,18.701171875,-2.6728281249999988
AT51066,AT,13.0433,47.8056,14.935,10.43941879272461,-4.495581207275391,21.275115966796875,6.3401159667968745,21.14735984802246,6.21235984802246,16.383390426635742,1.4483904266357417
AT52100,AT,13.1051,47.6668,7.158,6.923146724700928,-0.23485327529907263,9.324227333068848,2.1662273330688473,10.502967834472656,3.344967834472656,7.943803310394287,0.7858033103942867
AT53055,AT,13.0158,47.9367,5.234,5.90469217300415,0.6706921730041504,5.476113319396973,0.24211331939697267,6.069287300109863,0.8352873001098633,5.274911880493164,0.04091188049316408
AT54057,AT,13.2056,47.3514,14.858,1.9820765256881714,-12.87592347431183,16.404943466186523,1.546943466186523,18.22652816772461,3.368528167724609,14.441207885742188,-0.41679211425781304
AT55032,AT,13.808,47.1257,10.618,1.6485793590545654,-8.969420640945435,15.174391746520996,4.556391746520996,14.045039176940918,3.4270391769409176,11.374969482421875,0.7569694824218747
AT56072,AT,12.7951,47.3266,13.119,2.159501791000366,-10.959498208999634,14.737372398376465,1.618372398376465,15.382872581481934,2.263872581481934,10.829368591308594,-2.289631408691406
AT60106,AT,15.0867,47.0633,15.249,3.0625832080841064,-12.186416791915894,6.518937587738037,-8.730062412261963,12.075385093688965,-3.1736149063110357,15.03231430053711,-0.21668569946289118
AT60107,AT,15.1528,47.0447,11.65,3.7893214225769043,-7.860678577423096,6.669364929199219,-4.980635070800782,10.73213005065918,-0.9178699493408207,12.156281471252441,0.506281471252441
AT60118,AT,14.6767,47.1781,8.676,2.619692325592041,-6.056307674407959,7.516639709472656,-1.159360290527344,8.59967041015625,-0.07632958984375016,9.762824058532715,1.0868240585327147
AT60138,AT,15.4151,47.0944,14.281,11.9586763381958,-2.3223236618042,13.402480125427246,-0.8785198745727545,15.132055282592773,0.8510552825927729,18.42919921875,4.148199218749999
AT60139,AT,15.4044,47.0694,18.258,11.9586763381958,-6.299323661804198,13.402480125427246,-4.855519874572753,15.132055282592773,-3.1259447174072257,18.42919921875,0.17119921875000088
AT60142,AT,15.0741,47.3753,12.176,9.144306182861328,-3.031693817138672,17.93010902404785,5.754109024047851,14.224320411682129,2.0483204116821287,13.118242263793945,0.9422422637939452
AT60145,AT,15.2903,47.4458,12.993,5.304604530334473,-7.688395469665528,13.772318840026855,0.7793188400268551,11.029129981994629,-1.9638700180053714,12.91806411743164,-0.0749358825683597
AT60170,AT,15.4331,47.0417,20.585,11.9586763381958,-8.6263236618042,13.402480125427246,-7.182519874572755,15.132055282592773,-5.452944717407227,18.42919921875,-2.155800781250001
AT60172,AT,15.4319,47.0692,18.737,11.9586763381958,-6.7783236618041975,13.402480125427246,-5.334519874572752,15.132055282592773,-3.604944717407225,18.42919921875,-0.3078007812499983
AT60179,AT,15.9719,47.2829,12.847,4.5813493728637695,-8.26565062713623,10.367866516113281,-2.4791334838867183,12.903402328491211,0.056402328491211406,12.10573673248291,-0.7412632675170894
AT60180,AT,15.2533,47.4094,11.271,5.304604530334473,-5.966395469665528,13.772318840026855,2.5013188400268547,11.029129981994629,-0.2418700180053719,12.91806411743164,1.6470641174316398
AT60194,AT,15.6731,47.6047,11.398,1.646289587020874,-9.751710412979126,12.32507038116455,0.9270703811645511,11.443934440612793,0.04593444061279328,12.274364471435547,0.8763644714355472
AT60195,AT,15.2128,46.8139,9.325,3.683098793029785,-5.641901206970214,5.680111885070801,-3.6448881149291985,8.383514404296875,-0.9414855957031243,9.53816032409668,0.2131603240966804
AT60197,AT,15.5406,46.7783,14.517,7.498741149902344,-7.018258850097656,11.008650779724121,-3.5083492202758784,12.583919525146484,-1.933080474853515,12.528818130493164,-1.9881818695068354
AT60198,AT,16.079,47.0474,11.114,5.707343101501465,-5.406656898498536,10.488572120666504,-0.6254278793334969,13.727791786193848,2.613791786193847,9.09243392944336,-2.0215660705566414
AT72110,AT,11.3924,47.2626,20.801,8.737634658813477,-12.063365341186522,11.540082931518555,-9.260917068481444,11.761643409729004,-9.039356590270994,17.50835609436035,-3.292643905639647
AT72113,AT,11.3747,47.2699,11.555,8.737634658813477,-2.817365341186523,11.540082931518555,-0.014917068481445028,11.761643409729004,0.2066434097290042,17.50835609436035,5.953356094360352
AT72227,AT,11.5125,47.2781,21.154,5.364078998565674,-15.789921001434326,14.386065483093262,-6.767934516906738,16.47780990600586,-4.6761900939941405,22.636470794677734,1.4824707946777345
AT72530,AT,12.0666,47.4886,16.375,4.634894847869873,-11.740105152130127,10.639025688171387,-5.735974311828613,12.78359317779541,-3.59140682220459,17.029285430908203,0.6542854309082031
AT72538,AT,11.91,47.4587,10.918,4.533215045928955,-6.384784954071044,8.001384735107422,-2.9166152648925774,9.10135555267334,-1.8166444473266594,11.208070755004883,0.29007075500488355
AT72552,AT,12.1724,47.5818,13.185,6.204539775848389,-6.980460224151612,10.623680114746094,-2.5613198852539067,12.072371482849121,-1.1126285171508794,14.374425888061523,1.189425888061523
AT72710,AT,10.7441,47.4476,9.626,2.3241260051727295,-7.30187399482727,9.668261528015137,0.04226152801513727,11.208334922790527,1.582334922790528,11.243515968322754,1.6175159683227545
AT72912,AT,12.766,46.8191,9.468,2.2590255737304688,-7.208974426269531,7.248826026916504,-2.219173973083496,9.36654281616211,-0.1014571838378906,9.054875373840332,-0.41312462615966794
AT80503,AT,9.9267,47.5292,2.968,3.2226715087890625,0.25467150878906253,3.255343198776245,0.28734319877624515,3.873418092727661,0.9054180927276612,3.7570226192474365,0.7890226192474366
AT900KE,AT,16.4761,48.1567,16.504,12.688911437988281,-3.81508856201172,11.328208923339844,-5.175791076660158,13.4298677444458,-3.0741322555542006,15.073637962341309,-1.4303620376586927
AT900ZA,AT,16.3571,48.249,13.082,11.56904411315918,-1.512955886840821,13.113944053649902,0.031944053649901605,12.811348915100098,-0.2706510848999031,14.904304504394531,1.8223045043945305
AT90AKC,AT,16.3498,48.2191,16.054,11.56904411315918,-4.484955886840819,13.113944053649902,-2.940055946350096,12.811348915100098,-3.242651084899901,14.904304504394531,-1.1496954956054672
AT90FLO,AT,16.397,48.2611,17.862,11.56904411315918,-6.292955886840819,13.113944053649902,-4.748055946350096,12.811348915100098,-5.050651084899901,14.904304504394531,-2.957695495605467
AT90LOB,AT,16.5256,48.1621,9.748,6.995327472686768,-2.7526725273132318,6.598921775817871,-3.1490782241821282,8.24982738494873,-1.4981726150512689,9.471070289611816,-0.2769297103881829
AT9BELG,AT,16.3614,48.1744,19.223,12.048274040222168,-7.174725959777831,11.965746879577637,-7.257253120422362,13.56214714050293,-5.660852859497069,18.73952293395996,-0.48347706604003804
AT9GAUD,AT,16.3393,48.1871,18.684,12.048274040222168,-6.635725959777833,11.965746879577637,-6.718253120422364,13.56214714050293,-5.121852859497071,18.73952293395996,0.055522933959959886
AT9JAEG,AT,16.2972,48.2702,7.495,6.068594455718994,-1.426405544281006,5.4442925453186035,-2.0507074546813966,6.083319664001465,-1.4116803359985353,7.429413795471191,-0.0655862045288087
AT9KEND,AT,16.3098,48.205,15.994,11.56904411315918,-4.42495588684082,13.113944053649902,-2.8800559463500974,12.811348915100098,-3.182651084899902,14.904304504394531,-1.0896954956054685
AT9LIES,AT,16.3001,48.1412,14.838,12.048274040222168,-2.789725959777831,11.965746879577637,-2.8722531204223625,13.56214714050293,-1.2758528594970695,18.73952293395996,3.9015229339599617
AT9SCHA,AT,16.3016,48.2354,10.193,11.56904411315918,1.37604411315918,13.113944053649902,2.9209440536499027,12.811348915100098,2.618348915100098,14.904304504394531,4.711304504394532
AT9STAD,AT,16.4583,48.2264,16.266,9.671221733093262,-6.5947782669067365,13.175968170166016,-3.0900318298339826,14.569021224975586,-1.6969787750244123,16.735069274902344,0.4690692749023455
BETB004,BE,4.3478,50.8521,19.9,22.03786849975586,2.137868499755861,18.982152938842773,-0.9178470611572251,22.57069969177246,2.6706996917724624,20.535110473632812,0.6351104736328139
BETB006,BE,4.3744,50.8386,17.115,22.03786849975586,4.922868499755861,18.982152938842773,1.867152938842775,22.57069969177246,5.4556996917724625,20.535110473632812,3.420110473632814
BETB011,BE,4.2887,50.8578,13.292,14.683362007141113,1.3913620071411135,13.252863883972168,-0.039136116027831847,12.7321195602417,-0.5598804397583006,13.584254264831543,0.29225426483154315
BETMEU1,BE,4.3957,50.895,16.326,22.03786849975586,5.711868499755859,18.982152938842773,2.656152938842773,22.57069969177246,6.24469969177246,20.535110473632812,4.209110473632812
BETN016,BE,5.164,51.2337,10.273,9.747200965881348,-0.525799034118652,12.325443267822266,2.052443267822266,12.485565185546875,2.2125651855468753,11.558476448059082,1.2854764480590823
BETN027,BE,5.6067,51.1337,9.015,8.444578170776367,-0.5704218292236334,10.84943962097168,1.8344396209716791,11.162545204162598,2.147545204162597,9.989302635192871,0.9743026351928705
BETN029,BE,2.5823,51.0163,7.385,8.417853355407715,1.032853355407715,8.034863471984863,0.6498634719848635,9.024250030517578,1.6392500305175783,7.748659133911133,0.363659133911133
BETN035,BE,4.8376,50.9776,9.576,10.012609481811523,0.4366094818115229,12.974732398986816,3.398732398986816,10.6912260055542,1.1152260055541987,10.83375358581543,1.2577535858154292
BETN040,BE,4.2252,50.7681,8.221,11.111642837524414,2.890642837524414,9.220009803771973,0.9990098037719726,8.7685546875,0.5475546874999999,8.854586601257324,0.6335866012573241
BETN052,BE,3.3225,50.8149,11.197,11.459515571594238,0.2625155715942391,15.672447204589844,4.475447204589845,13.103399276733398,1.9063992767333993,12.68301010131836,1.4860101013183602
BETN054,BE,5.1032,50.7117,7.814,6.795945167541504,-1.0180548324584962,10.733616828918457,2.919616828918457,9.294807434082031,1.4808074340820312,8.558402061462402,0.7444020614624023
BETN060,BE,3.4576,50.6167,7.768,11.837843894958496,4.069843894958496,10.888362884521484,3.1203628845214846,9.64319896697998,1.8751989669799807,8.823423385620117,1.0554233856201174
BETN066,BE,6.0023,50.6289,4.354,5.267268180847168,0.9132681808471679,5.770004749298096,1.4160047492980956,5.9651360511779785,1.6111360511779784,5.185050964355469,0.8310509643554687
BETN070,BE,3.9397,50.4652,13.812,12.195202827453613,-1.616797172546386,17.744821548461914,3.9328215484619147,16.457406997680664,2.6454069976806647,16.280841827392578,2.4688418273925787
BETN073,BE,4.9884,50.5027,5.81,7.163103103637695,1.3531031036376957,7.057085990905762,1.247085990905762,6.596371650695801,0.7863716506958012,6.54110860824585,0.73110860824585
BETN085,BE,6.0017,50.3032,2.558,3.7828993797302246,1.2248993797302248,3.5018672943115234,0.9438672943115236,4.698248386383057,2.140248386383057,3.544301986694336,0.9863019866943361
BETN093,BE,5.2352,50.2745,5.099,4.263424873352051,-0.8355751266479494,5.820117473602295,0.7211174736022947,6.135277271270752,1.0362772712707518,5.463438987731934,0.3644389877319334
BETN100,BE,4.5948,50.0957,3.035,3.8520596027374268,0.8170596027374266,4.210977554321289,1.175977554321289,4.45272159576416,1.41772159576416,3.934107542037964,0.8991075420379637
BETN113,BE,5.593,50.027,3.538,3.0939931869506836,-0.4440068130493162,3.4438326358795166,-0.09416736412048321,4.036172389984131,0.49817238998413105,4.255489349365234,0.7174893493652346
BETN121,BE,5.2024,49.8771,3.139,3.1292595863342285,-0.009740413665771275,3.596074104309082,0.45707410430908224,4.183743953704834,1.0447439537048342,3.8163089752197266,0.6773089752197268
BETN132,BE,5.6304,49.7193,5.339,3.381779432296753,-1.9572205677032475,4.380704879760742,-0.9582951202392582,4.883877277374268,-0.45512272262573283,4.869264602661133,-0.4697353973388676
BETR001,BE,4.3341,50.8497,20.305,22.03786849975586,1.7328684997558597,18.982152938842773,-1.3228470611572263,22.57069969177246,2.265699691772461,20.535110473632812,0.23011047363281278
BETR012,BE,4.3586,50.7966,11.295,10.635327339172363,-0.6596726608276366,14.23321533203125,2.93821533203125,9.87658405303955,-1.4184159469604491,12.009713172912598,0.7147131729125977
BETR020,BE,4.4367,50.9414,15.484,16.673316955566406,1.1893169555664063,17.15272331237793,1.6687233123779297,18.604223251342773,3.1202232513427735,16.815336227416992,1.3313362274169922
BETR221,BE,5.6278,50.6584,15.242,12.423556327819824,-2.8184436721801767,16.587770462036133,1.345770462036132,19.111370086669922,3.869370086669921,16.53990936279297,1.2979093627929679
BETR222,BE,5.5702,50.6134,12.355,15.163375854492188,2.808375854492187,17.499616622924805,5.144616622924804,16.550838470458984,4.195838470458984,13.68590259552002,1.330902595520019
BETR501,BE,4.4522,50.4093,16.41,13.434365272521973,-2.9756347274780275,20.33888816833496,3.928888168334961,20.173538208007812,3.7635382080078124,17.822551727294922,1.4125517272949217
BETR502,BE,4.4587,50.429,15.344,13.434365272521973,-1.9096347274780268,20.33888816833496,4.9948881683349615,20.173538208007812,4.829538208007813,17.822551727294922,2.4785517272949225
BETR801,BE,4.4318,51.2097,21.099,26.933399200439453,5.834399200439453,20.115787506103516,-0.9832124938964846,24.234886169433594,3.1358861694335936,22.38522720336914,1.2862272033691404
BG0040A,BG,23.311,42.7323,26.671,8.766891479492188,-17.904108520507812,21.572128295898438,-5.098871704101562,24.89202117919922,-1.7789788208007806,22.45823097229004,-4.21276902770996
BG0041A,BG,25.5935,42.0564,18.385,4.5720367431640625,-13.812963256835939,6.779409408569336,-11.605590591430666,19.55984115600586,1.1748411560058578,21.244606018066406,2.8596060180664047
BG0043A,BG,23.5574,43.208,3.792,3.4984798431396484,-0.2935201568603514,16.12885093688965,12.336850936889649,17.213117599487305,13.421117599487305,11.535797119140625,7.743797119140625
BG0045A,BG,25.9641,43.8514,17.711,10.744604110717773,-6.966395889282225,23.280122756958008,5.569122756958009,22.199115753173828,4.48811575317383,18.914165496826172,1.2031654968261734
BG0050A,BG,23.2968,42.6806,27.19,6.90217399597168,-20.28782600402832,34.1655387878418,6.975538787841796,31.340131759643555,4.150131759643553,27.71271514892578,0.52271514892578
BG0051A,BG,24.7652,42.1429,17.488,7.724216938018799,-9.7637830619812,23.525453567504883,6.037453567504883,7.158145904541016,-10.329854095458984,2.377558946609497,-15.110441053390502
BG0052A,BG,23.4002,42.6665,24.685,10.414877891540527,-14.270122108459471,30.7762393951416,6.091239395141603,19.531917572021484,-5.153082427978514,16.64006805419922,-8.04493194580078
BG0057A,BG,25.6912,43.1265,19.685,3.277453899383545,-16.407546100616454,14.235252380371094,-5.449747619628905,19.13380241394043,-0.551197586059569,19.387100219726562,-0.2978997802734362
BG0058A,BG,23.0978,42.0019,15.936,5.249147891998291,-10.686852108001709,17.76797103881836,1.8319710388183594,17.37740707397461,1.4414070739746094,12.575711250305176,-3.360288749694824
BG0075A,BG,27.9157,43.2244,26.027,5.586460113525391,-20.44053988647461,8.987494468688965,-17.039505531311036,33.174476623535156,7.147476623535155,32.39415740966797,6.367157409667968
CH0002R,CH,6.9445,46.8131,8.227,4.227734565734863,-3.999265434265137,7.9561381340026855,-0.27086186599731477,9.600897789001465,1.3738977890014645,9.656462669372559,1.4294626693725583
CH0003R,CH,8.9047,47.4798,7.316,4.8900651931762695,-2.4259348068237303,7.24320650100708,-0.07279349899291976,9.230378150939941,1.9143781509399416,8.932477951049805,1.6164779510498049
CH0004R,CH,6.9792,47.0495,2.61,3.1074092388153076,0.49740923881530774,3.781492233276367,1.1714922332763673,3.4079558849334717,0.7979558849334718,3.723829984664917,1.1138299846649171
CH0005A,CH,8.6134,47.4029,16.242,10.621099472045898,-5.620900527954102,15.19153118133545,-1.0504688186645517,19.40256118774414,3.1605611877441397,18.1997013092041,1.9577013092041007
CH0005R,CH,8.4633,47.0674,3.034,7.180325508117676,4.146325508117676,4.049477577209473,1.0154775772094728,4.417629718780518,1.3836297187805178,4.662376403808594,1.628376403808594
CH0008A,CH,7.5833,47.5411,12.551,10.739974975585938,-1.8110250244140627,12.822531700134277,0.2715317001342772,14.09215259552002,1.5411525955200194,16.841047286987305,4.2900472869873045
CH0010A,CH,8.5304,47.3776,17.177,17.06688117980957,-0.11011882019042929,20.242538452148438,3.065538452148438,20.358137130737305,3.181137130737305,19.790931701660156,2.6139317016601566
CH0011A,CH,8.9571,46.0111,18.89,8.994405746459961,-9.89559425354004,13.950263977050781,-4.939736022949219,19.708017349243164,0.8180173492431635,18.844825744628906,-0.04517425537109432
CH0017A,CH,7.5821,47.5659,14.95,10.739974975585938,-4.210025024414062,12.822531700134277,-2.127468299865722,14.09215259552002,-0.8578474044799798,16.841047286987305,1.8910472869873054
CH0019A,CH,9.3944,47.4067,3.993,7.0741472244262695,3.0811472244262696,4.558077812194824,0.5650778121948243,4.884858131408691,0.8918581314086915,4.244280815124512,0.25128081512451184
CH0022A,CH,8.3007,47.0677,12.804,11.552163124084473,-1.2518368759155276,14.173901557922363,1.369901557922363,14.076828002929688,1.2728280029296872,15.111496925354004,2.3074969253540036
CH0024A,CH,7.1483,46.139,11.648,3.4931886196136475,-8.154811380386352,11.081314086914062,-0.5666859130859372,12.300869941711426,0.6528699417114261,12.343780517578125,0.6957805175781253
CH0033A,CH,8.9339,46.1603,13.029,5.749344825744629,-7.279655174255371,9.871259689331055,-3.1577403106689452,14.826774597167969,1.7977745971679688,12.953392028808594,-0.07560797119140616
CH0043A,CH,8.9673,46.0255,15.896,8.994405746459961,-6.90159425354004,13.950263977050781,-1.9457360229492195,19.708017349243164,3.8120173492431633,18.844825744628906,2.9488257446289055
CH0050A,CH,6.0742,46.2311,10.989,4.834601879119873,-6.154398120880128,10.836641311645508,-0.15235868835449295,12.201016426086426,1.212016426086425,12.292038917541504,1.3030389175415031
CH0051A,CH,6.0052,46.1626,7.501,6.055392265319824,-1.4456077346801761,6.464208126068115,-1.036791873931885,8.951800346374512,1.4508003463745114,8.12678337097168,0.6257833709716794
CY0002R,CY,33.0578,35.038,2.402,1.0002659559249878,-1.4017340440750123,1.4647722244262695,-0.9372277755737306,3.1851730346679688,0.7831730346679686,2.3628339767456055,-0.039166023254394666
CZ0AKOB,CZ,14.4676,50.1222,15.445,12.243158340454102,-3.2018416595458987,18.576549530029297,3.1315495300292966,18.246116638183594,2.8011166381835935,16.414791107177734,0.9697911071777341
CZ0ALIB,CZ,14.4459,50.0073,11.392,17.556577682495117,6.164577682495118,23.19869041442871,11.806690414428711,21.73192024230957,10.33992024230957,18.507030487060547,7.115030487060547
CZ0AREP,CZ,14.4292,50.0881,22.777,17.556577682495117,-5.220422317504884,23.19869041442871,0.4216904144287099,21.73192024230957,-1.0450797576904307,18.507030487060547,-4.269969512939454
CZ0ARIE,CZ,14.4427,50.0815,17.159,17.556577682495117,0.39757768249511827,23.19869041442871,6.039690414428712,21.73192024230957,4.572920242309571,18.507030487060547,1.348030487060548
CZ0BBDN,CZ,16.6163,49.2027,17.139,5.472500801086426,-11.666499198913574,16.935630798339844,-0.2033692016601556,18.172229766845703,1.0332297668457038,18.707456588745117,1.5684565887451178
CZ0BBNY,CZ,16.6962,49.149,12.102,9.256781578063965,-2.8452184219360355,10.67944049835205,-1.4225595016479495,10.070928573608398,-2.031071426391602,11.231184005737305,-0.8708159942626956
CZ0BZNO,CZ,16.0601,48.843,10.821,4.145571231842041,-6.675428768157959,11.389925003051758,0.5689250030517581,11.363441467285156,0.5424414672851565,10.749509811401367,-0.07149018859863254
CZ0CCBD,CZ,14.4657,48.9844,9.819,5.101127624511719,-4.717872375488282,11.417290687561035,1.5982906875610343,10.20992374420166,0.3909237442016593,12.104337692260742,2.2853376922607413
CZ0CPRA,CZ,14.0004,49.0161,7.935,2.685338020324707,-5.249661979675293,10.026302337646484,2.0913023376464848,9.218472480773926,1.2834724807739262,8.297891616821289,0.36289161682128945
CZ0EPAO,CZ,15.7394,50.0422,11.338,6.0621232986450195,-5.27587670135498,10.236087799072266,-1.1019122009277336,10.747011184692383,-0.5909888153076164,11.586191177368164,0.24819117736816487
CZ0JKOS,CZ,15.0803,49.5734,3.627,2.631932497024536,-0.9950675029754636,5.329307556152344,1.702307556152344,3.256624460220337,-0.37037553977966287,3.045177459716797,-0.5818225402832029
CZ0KPRB,CZ,12.6154,50.3725,3.109,2.3832108974456787,-0.7257891025543213,3.7205114364624023,0.6115114364624024,3.297827959060669,0.18882795906066896,3.592966079711914,0.4839660797119141
CZ0KSOM,CZ,12.6728,50.1728,9.673,3.802382707595825,-5.870617292404175,9.038960456848145,-0.6340395431518555,9.181039810180664,-0.491960189819336,10.319987297058105,0.6469872970581054
CZ0MJES,CZ,17.1902,50.2422,3.684,2.2986950874328613,-1.3853049125671388,5.1922101974487305,1.5082101974487303,4.2201619148254395,0.5361619148254393,3.2803642749786377,-0.40363572502136247
CZ0MOLJ,CZ,17.2381,49.6015,15.849,4.755361557006836,-11.093638442993164,17.20857810974121,1.3595781097412107,16.077911376953125,0.2289113769531248,15.253707885742188,-0.5952921142578127
CZ0PKUJ,CZ,13.6185,49.722,7.128,3.9676151275634766,-3.1603848724365236,6.438331604003906,-0.6896683959960939,5.804807186126709,-1.3231928138732911,7.012571334838867,-0.11542866516113293
CZ0PPLL,CZ,13.3682,49.7701,11.43,6.7516889572143555,-4.678311042785644,11.810585975646973,0.38058597564697294,10.018123626708984,-1.4118763732910153,12.380975723266602,0.9509757232666018
CZ0PPLV,CZ,13.4234,49.7686,8.894,5.923110008239746,-2.970889991760254,8.57028579711914,-0.3237142028808595,7.016997337341309,-1.8770026626586915,9.877339363098145,0.9833393630981444
CZ0SKLS,CZ,14.106,50.1674,12.031,5.763388633728027,-6.267611366271973,9.738550186157227,-2.292449813842774,10.560792922973633,-1.4702070770263678,12.362051963806152,0.33105196380615176
CZ0SMBO,CZ,14.9139,50.4286,12.778,5.457807540893555,-7.320192459106446,12.138405799865723,-0.6395942001342778,11.716429710388184,-1.0615702896118169,13.52871036529541,0.7507103652954097
CZ0TBKR,CZ,18.5386,49.5026,2.632,2.653458595275879,0.02145859527587879,4.351622581481934,1.7196225814819335,3.955115556716919,1.3231155567169188,3.4596457481384277,0.8276457481384276
CZ0TCER,CZ,17.5419,49.7771,4.351,2.2039215564727783,-2.1470784435272217,5.0605998039245605,0.7095998039245606,4.5463056564331055,0.1953056564331055,4.279589653015137,-0.07141034698486326
CZ0TCTN,CZ,18.6097,49.749,17.357,6.5036187171936035,-10.853381282806396,15.803618431091309,-1.5533815689086907,11.923376083374023,-5.433623916625976,15.17293643951416,-2.184063560485839
CZ0TFMI,CZ,18.3511,49.6718,12.238,5.592734336853027,-6.645265663146972,13.53972339630127,1.30172339630127,11.854458808898926,-0.38354119110107376,12.096797943115234,-0.14120205688476517
CZ0TOFF,CZ,18.2637,49.8392,15.359,9.506916999816895,-5.8520830001831055,17.181852340698242,1.8228523406982422,15.212566375732422,-0.1464336242675781,15.470979690551758,0.11197969055175783
CZ0TOPO,CZ,18.1593,49.8253,11.295,6.051733016967773,-5.2432669830322265,15.133498191833496,3.838498191833496,12.590972900390625,1.295972900390625,11.888399124145508,0.5933991241455079
CZ0TSTD,CZ,18.0893,49.7209,9.73,5.260228157043457,-4.469771842956543,11.112615585327148,1.382615585327148,11.841888427734375,2.1118884277343746,10.057894706726074,0.3278947067260738
CZ0TVER,CZ,18.4229,49.9247,11.065,7.258594989776611,-3.806405010223388,13.181488990783691,2.116488990783692,11.280416488647461,0.21541648864746143,10.460588455200195,-0.6044115447998042
CZ0UDCM,CZ,14.2188,50.7742,15.118,4.3548665046691895,-10.76313349533081,15.363617897033691,0.24561789703369108,16.030601501464844,0.9126015014648434,16.07761573791504,0.9596157379150387
CZ0ULOM,CZ,13.6734,50.5858,10.48,12.003046035766602,1.5230460357666011,12.881036758422852,2.401036758422851,13.006240844726562,2.526240844726562,13.95244026184082,3.47244026184082
CZ0UMOM,CZ,13.6453,50.5104,16.622,12.003046035766602,-4.618953964233398,12.881036758422852,-3.7409632415771483,13.006240844726562,-3.6157591552734374,13.95244026184082,-2.6695597381591796
CZ0USNZ,CZ,14.0868,50.7894,6.813,4.922603607177734,-1.8903963928222653,8.215374946594238,1.4023749465942386,7.539637565612793,0.7266375656127932,7.3594841957092285,0.5464841957092288
CZ0UTUS,CZ,13.3276,50.3766,8.796,3.8677916526794434,-4.928208347320556,7.633040428161621,-1.1629595718383783,8.807190895080566,0.011190895080567032,8.92303466796875,0.12703466796875063
CZ0UULK,CZ,14.0412,50.6835,9.174,6.816795349121094,-2.3572046508789057,15.449321746826172,6.275321746826172,14.301067352294922,5.127067352294922,14.747390747070312,5.573390747070313
CZ0UULM,CZ,14.0431,50.6611,18.822,6.816795349121094,-12.005204650878905,15.449321746826172,-3.3726782531738273,14.301067352294922,-4.520932647705077,14.747390747070312,-4.074609252929687
CZ0ZZLN,CZ,17.6672,49.2329,9.811,5.072713851928711,-4.738286148071289,11.498522758483887,1.6875227584838868,9.704388618469238,-0.10661138153076166,9.503053665161133,-0.30794633483886713
DEBB021,DE,13.0602,52.4014,9.469,6.117673873901367,-3.3513261260986322,13.049616813659668,3.5806168136596686,11.822629928588867,2.3536299285888678,10.816706657409668,1.3477066574096686
DEBB048,DE,12.8095,52.9319,7.316,3.4743030071258545,-3.8416969928741453,9.173337936401367,1.8573379364013674,10.827972412109375,3.511972412109375,8.010890007019043,0.6948900070190431
DEBB053,DE,14.0152,52.5639,5.189,4.298917770385742,-0.8900822296142579,6.3311991691589355,1.1421991691589355,6.509023666381836,1.3200236663818359,4.702013969421387,-0.48698603057861334
DEBB055,DE,12.5523,52.4204,7.455,4.662888526916504,-2.792111473083496,7.998817443847656,0.5438174438476562,9.182680130004883,1.7276801300048827,7.93657112121582,0.48157112121582024
DEBB063,DE,11.7385,52.9988,5.454,3.549326181411743,-1.9046738185882566,5.836237907409668,0.38223790740966823,7.299506187438965,1.845506187438965,5.940445423126221,0.48644542312622097
DEBB064,DE,14.3345,51.7468,8.57,5.442201137542725,-3.1277988624572757,9.62621021270752,1.0562102127075192,8.755236625671387,0.18523662567138643,9.096590042114258,0.5265900421142575
DEBB065,DE,12.5614,52.1942,4.462,3.4281973838806152,-1.0338026161193845,4.304083347320557,-0.1579166526794431,5.521853446960449,1.0598534469604495,3.888190269470215,-0.5738097305297849
DEBB066,DE,14.0569,51.8975,4.051,3.816654682159424,-0.23434531784057633,5.437225341796875,1.3862253417968748,5.27386474609375,1.2228647460937498,4.734525680541992,0.683525680541992
DEBB075,DE,13.1237,52.4842,8.009,8.335221290588379,0.32622129058837857,9.422371864318848,1.4133718643188473,8.584147453308105,0.5751474533081051,7.962009906768799,-0.04699009323120151
DEBB083,DE,14.3764,51.5645,6.025,5.769622802734375,-0.25537719726562536,8.660460472106934,2.6354604721069332,8.02254867553711,1.997548675537109,7.130259037017822,1.105259037017822
DEBB086,DE,13.4243,52.3497,8.752,8.142572402954102,-0.6094275970458991,11.31344985961914,2.56144985961914,12.372398376464844,3.620398376464843,8.496133804321289,-0.2558661956787116
DEBB092,DE,14.526,52.3347,8.632,4.981201648712158,-3.6507983512878415,8.129926681518555,-0.502073318481445,8.427648544311523,-0.20435145568847624,8.541228294372559,-0.09077170562744108
DEBE010,DE,13.3493,52.543,17.207,15.350632667541504,-1.8563673324584968,17.4235782623291,0.21657826232910082,17.22002601623535,0.013026016235350824,17.492061614990234,0.28506161499023364
DEBE018,DE,13.3488,52.4858,13.707,14.29163646697998,0.5846364669799797,16.83950424194336,3.1325042419433586,14.509535789489746,0.8025357894897454,14.606290817260742,0.8992908172607414
DEBE027,DE,13.3681,52.3984,7.592,6.797255516052246,-0.7947444839477535,9.194282531738281,1.6022825317382816,8.948183059692383,1.3561830596923832,7.632565498352051,0.040565498352051144
DEBE032,DE,13.2251,52.4732,7.205,11.23462963104248,4.02962963104248,8.6084623336792,1.4034623336791991,9.396163940429688,2.1911639404296874,7.5770087242126465,0.3720087242126464
DEBE034,DE,13.4308,52.4895,13.274,12.52721881866455,-0.7467811813354484,17.149093627929688,3.8750936279296884,15.531644821166992,2.257644821166993,15.099495887756348,1.8254958877563485
DEBE051,DE,13.4831,52.6442,8.609,8.630770683288574,0.021770683288574233,8.570459365844727,-0.03854063415527342,9.931743621826172,1.322743621826172,8.894549369812012,0.28554936981201173
DEBE056,DE,13.6471,52.4477,6.846,8.274397850036621,1.428397850036621,8.018488883972168,1.1724888839721679,7.846251010894775,1.0002510108947753,7.421941757202148,0.5759417572021484
DEBE062,DE,13.2961,52.6533,6.842,8.78633975982666,1.9443397598266605,8.046875,1.2048750000000004,7.625335693359375,0.7833356933593754,6.910698890686035,0.06869889068603552
DEBE066,DE,13.5295,52.4853,11.211,12.187711715698242,0.9767117156982419,12.714536666870117,1.503536666870117,12.141215324401855,0.9302153244018552,11.85814094543457,0.64714094543457
DEBE068,DE,13.4188,52.5136,13.767,15.0493745803833,1.2823745803833013,17.924436569213867,4.157436569213868,14.92517375946045,1.1581737594604498,15.565043449401855,1.798043449401856
DEBW009,DE,8.6767,49.4195,12.946,10.916884422302246,-2.0291155776977536,15.64930534362793,2.70330534362793,13.717082023620605,0.7710820236206057,13.500873565673828,0.5548735656738284
DEBW010,DE,8.7001,49.3007,10.232,7.045023441314697,-3.186976558685302,11.226428985595703,0.9944289855957038,10.802867889404297,0.5708678894042976,11.178393363952637,0.9463933639526374
DEBW013,DE,9.2297,48.8088,18.279,13.437599182128906,-4.841400817871094,19.505285263061523,1.2262852630615235,18.49201011657715,0.21301011657714852,19.005491256713867,0.7264912567138673
DEBW015,DE,9.2248,49.1655,16.439,11.532364845275879,-4.906635154724121,17.081836700439453,0.6428367004394531,17.675491333007812,1.2364913330078124,18.472742080688477,2.0337420806884765
DEBW019,DE,9.979,48.3968,15.198,8.051459312438965,-7.1465406875610356,15.795416831970215,0.5974168319702144,16.1463680267334,0.948368026733398,16.83404541015625,1.6360454101562496
DEBW023,DE,7.6333,47.5882,10.608,11.312812805175781,0.7048128051757807,9.904680252075195,-0.7033197479248052,12.141057014465332,1.5330570144653315,12.040440559387207,1.4324405593872065
DEBW024,DE,9.1728,48.8992,14.019,14.477992057800293,0.45899205780029284,15.905473709106445,1.8864737091064452,15.269638061523438,1.2506380615234374,15.589783668518066,1.5707836685180663
DEBW027,DE,9.2073,48.4889,14.513,4.8195037841796875,-9.693496215820312,15.388333320617676,0.8753333206176759,16.409893035888672,1.896893035888672,16.3348388671875,1.8218388671875
DEBW029,DE,10.0963,48.8479,13.456,4.92045259475708,-8.53554740524292,13.626371383666992,0.17037138366699267,13.204984664916992,-0.25101533508300733,14.397272109985352,0.941272109985352
DEBW031,DE,7.7645,47.8099,2.299,3.128662109375,0.8296621093750001,2.6576709747314453,0.3586709747314454,2.796971321105957,0.4979713211059571,3.0583226680755615,0.7593226680755616
DEBW033,DE,8.6655,48.889,14.964,5.332875728607178,-9.631124271392823,14.963350296020508,-0.0006497039794925996,16.682748794555664,1.7187487945556637,18.856122970581055,3.8921229705810543
DEBW038,DE,9.4857,47.6601,14.487,6.756171226501465,-7.730828773498535,15.267498970031738,0.7804989700317382,13.656929016113281,-0.8300709838867188,15.574204444885254,1.0872044448852538
DEBW039,DE,8.4636,48.0487,8.523,3.95133113861084,-4.57166886138916,8.679749488830566,0.15674948883056672,9.629117965698242,1.1061179656982425,10.013482093811035,1.4904820938110355
DEBW042,DE,9.2294,48.6775,14.986,11.338086128234863,-3.6479138717651374,18.50478172302246,3.5187817230224603,16.43124771118164,1.44524771118164,17.89741325378418,2.911413253784179
DEBW046,DE,9.8003,48.0899,10.83,4.757623672485352,-6.0723763275146485,9.812356948852539,-1.017643051147461,11.367011070251465,0.5370110702514648,11.011435508728027,0.18143550872802727
DEBW052,DE,9.1693,47.6644,13.595,6.813676357269287,-6.7813236427307135,11.998384475708008,-1.5966155242919928,13.650922775268555,0.05592277526855405,14.612052917480469,1.017052917480468
DEBW059,DE,9.6579,49.6348,8.753,4.571140766143799,-4.181859233856201,7.946038722991943,-0.8069612770080568,9.00991153717041,0.25691153717041004,9.658336639404297,0.9053366394042968
DEBW073,DE,7.568,47.819,11.699,8.051763534545898,-3.6472364654541014,7.96855354309082,-3.7304464569091795,8.450657844543457,-3.248342155456543,14.194912910461426,2.495912910461426
DEBW076,DE,8.2202,48.7731,10.518,4.344645023345947,-6.173354976654053,9.499428749084473,-1.018571250915528,9.977812767028809,-0.5401872329711921,10.331765174865723,-0.18623482513427803
DEBW081,DE,8.3556,49.0286,13.036,13.977033615112305,0.9410336151123051,15.341659545898438,2.305659545898438,14.092957496643066,1.0569574966430668,13.99649715423584,0.9604971542358403
DEBW084,DE,7.8321,48.0015,11.737,9.144859313964844,-2.5921406860351563,11.402493476867676,-0.3345065231323243,12.95110034942627,1.2141003494262694,13.039438247680664,1.302438247680664
DEBW087,DE,9.2076,48.3458,4.195,2.8707644939422607,-1.3242355060577395,4.326766490936279,0.131766490936279,4.664833068847656,0.46983306884765597,4.4685468673706055,0.2735468673706052
DEBW107,DE,9.0512,48.5077,12.875,6.7268218994140625,-6.1481781005859375,12.626334190368652,-0.24866580963134766,13.793078422546387,0.9180784225463867,14.897970199584961,2.022970199584961
DEBW112,DE,8.9044,48.6456,7.942,8.523327827453613,0.5813278274536131,8.23034381866455,0.2883438186645506,8.673648834228516,0.7316488342285155,9.160856246948242,1.218856246948242
DEBY004,DE,9.1715,49.8694,9.584,5.954746723175049,-3.629253276824951,9.690469741821289,0.10646974182128943,10.853211402893066,1.2692114028930668,10.612953186035156,1.0289531860351566
DEBY005,DE,9.118,49.9915,17.05,9.062273979187012,-7.987726020812989,17.17769432067871,0.12769432067871023,18.615947723388672,1.5659477233886712,18.64771842956543,1.597718429565429
DEBY007,DE,10.8884,48.3766,17.393,9.158748626708984,-8.234251373291016,15.537284851074219,-1.855715148925782,17.603044509887695,0.21004450988769463,18.2141056060791,0.8211056060791009
DEBY009,DE,10.8877,49.8983,14.436,5.299959659576416,-9.136040340423584,13.369832038879395,-1.0661679611206054,15.636415481567383,1.2004154815673829,16.896114349365234,2.4601143493652344
DEBY012,DE,12.8293,48.1772,14.907,6.422299861907959,-8.484700138092041,14.107928276062012,-0.7990717239379883,16.499082565307617,1.5920825653076172,16.850078582763672,1.9430785827636718
DEBY013,DE,12.7814,48.1828,10.122,5.554898738861084,-4.567101261138916,9.122681617736816,-0.9993183822631835,11.367833137512207,1.2458331375122071,11.792472839355469,1.6704728393554689
DEBY020,DE,11.8975,50.3206,10.421,4.185024261474609,-6.23597573852539,9.174270629882812,-1.2467293701171869,10.734147071838379,0.31314707183837953,10.52167797088623,0.1006779708862311
DEBY030,DE,11.9488,48.9042,11.24,4.601585865020752,-6.638414134979248,11.554642677307129,0.3146426773071287,11.892444610595703,0.6524446105957029,13.414541244506836,2.1745412445068357
DEBY031,DE,10.3066,47.7251,13.735,5.833996772766113,-7.901003227233886,12.240671157836914,-1.4943288421630854,13.865503311157227,0.13050331115722713,14.183714866638184,0.44871486663818416
DEBY032,DE,11.4426,50.1031,12.641,3.946601152420044,-8.694398847579956,11.366737365722656,-1.2742626342773438,13.630863189697266,0.9898631896972656,13.624542236328125,0.983542236328125
DEBY039,DE,11.5547,48.1545,16.874,20.90760040283203,4.0336004028320325,21.49077796936035,4.616777969360353,18.89271354675293,2.018713546752931,19.366674423217773,2.4926744232177747
DEBY049,DE,11.7778,48.8532,7.126,4.262545108795166,-2.8634548912048343,6.515415668487549,-0.6105843315124515,7.278095245361328,0.1520952453613278,7.075564861297607,-0.05043513870239291
DEBY052,DE,10.0083,48.3971,18.081,7.728992938995361,-10.352007061004638,15.189921379089355,-2.891078620910644,18.303388595581055,0.22238859558105517,20.019184112548828,1.9381841125488286
DEBY058,DE,11.0248,49.4622,18.599,12.884681701660156,-5.714318298339844,18.08785629272461,-0.5111437072753908,18.750825881958008,0.1518258819580076,19.527748107910156,0.928748107910156
DEBY067,DE,12.1281,49.322,12.595,5.026793003082275,-7.568206996917725,12.300481796264648,-0.2945182037353522,12.913196563720703,0.3181965637207025,13.10975170135498,0.5147517013549798
DEBY068,DE,10.2321,50.0484,14.37,6.651703357696533,-7.718296642303466,14.200251579284668,-0.16974842071533125,15.57667350769043,1.2066735076904305,15.68823528289795,1.31823528289795
DEBY072,DE,12.5489,49.4385,4.232,2.7838149070739746,-1.4481850929260256,3.698864221572876,-0.5331357784271242,4.663288593292236,0.4312885932922361,4.990462303161621,0.7584623031616209
DEBY075,DE,12.1594,49.679,16.997,5.546422958374023,-11.450577041625976,14.56417179107666,-2.4328282089233397,17.755977630615234,0.7589776306152345,18.164512634277344,1.1675126342773439
DEBY088,DE,12.5382,48.0217,11.424,4.44033145904541,-6.983668540954589,10.51245403289795,-0.9115459671020503,12.092342376708984,0.6683423767089849,13.355328559875488,1.9313285598754888
DEBY089,DE,11.648,48.1732,12.638,17.669164657592773,5.0311646575927735,13.868474006652832,1.2304740066528321,13.45654296875,0.8185429687500001,13.545001029968262,0.9070010299682618
DEBY099,DE,10.9031,48.326,11.194,8.158407211303711,-3.03559278869629,10.709091186523438,-0.48490881347656334,12.028386116027832,0.8343861160278312,12.752967834472656,1.5589678344726554
DEBY109,DE,11.2202,47.9688,4.974,4.194276809692383,-0.7797231903076174,4.157016277313232,-0.8169837226867678,4.903341770172119,-0.07065822982788106,5.19533634185791,0.22133634185790996
DEBY113,DE,10.9635,49.6059,9.905,6.890174865722656,-3.014825134277343,10.270417213439941,0.36541721343994205,11.06794548034668,1.1629454803466803,11.837437629699707,1.9324376296997077
DEBY118,DE,13.422,48.5736,19.378,6.222593784332275,-13.155406215667725,22.026504516601562,2.6485045166015624,22.40169334411621,3.023693344116211,23.141691207885742,3.763691207885742
DEBY122,DE,10.4366,47.5411,2.996,1.8799139261245728,-1.1160860738754272,3.644751787185669,0.648751787185669,5.935585021972656,2.9395850219726563,6.339120388031006,3.343120388031006
DEBY124,DE,10.325,49.4441,6.526,3.9104385375976562,-2.6155614624023436,7.248935222625732,0.7229352226257326,7.9323601722717285,1.4063601722717287,7.4774065017700195,0.9514065017700197
DEBY187,DE,10.5977,48.9522,10.704,3.837496519088745,-6.8665034809112555,10.544132232666016,-0.159867767333985,10.536674499511719,-0.16732550048828188,10.941620826721191,0.23762082672119078
DEBY188,DE,11.0279,49.3227,14.216,8.66456413269043,-5.55143586730957,14.334774017333984,0.11877401733398507,15.161860466003418,0.9458604660034187,15.330975532531738,1.114975532531739
DEBY189,DE,11.4644,48.1817,14.265,15.053937911987305,0.7889379119873041,15.269781112670898,1.0047811126708979,15.821657180786133,1.5566571807861322,16.20669174194336,1.9416917419433588
DEHB001,DE,8.8158,53.0772,13.754,10.819262504577637,-2.934737495422363,13.748213768005371,-0.005786231994628466,15.892131805419922,2.1381318054199223,14.902172088623047,1.1481720886230473
DEHB002,DE,8.917,53.06,11.941,9.328377723693848,-2.612622276306153,12.470113754272461,0.5291137542724602,14.570954322814941,2.6299543228149407,13.625157356262207,1.6841573562622063
DEHB004,DE,8.6255,53.1809,12.033,11.640507698059082,-0.39249230194091744,13.928216934204102,1.895216934204102,14.052490234375,2.0194902343750005,12.107139587402344,0.07413958740234428
DEHB005,DE,8.5694,53.5625,13.474,13.865876197814941,0.3918761978149412,14.455111503601074,0.981111503601074,16.881868362426758,3.4078683624267576,15.510703086853027,2.036703086853027
DEHB012,DE,8.7351,53.1317,16.353,10.853198051452637,-5.499801948547365,14.316665649414062,-2.036334350585939,15.710182189941406,-0.6428178100585953,16.96364402770996,0.6106440277099594
DEHE001,DE,8.6646,49.8723,13.066,11.976184844970703,-1.0898151550292976,14.943388938903809,1.8773889389038079,14.304522514343262,1.238522514343261,14.235618591308594,1.169618591308593
DEHE005,DE,8.5425,50.1018,26.253,14.007549285888672,-12.245450714111328,21.89567756652832,-4.35732243347168,26.5037784576416,0.25077845764160145,30.138463973999023,3.8854639739990233
DEHE008,DE,8.7463,50.1253,20.275,17.891450881958008,-2.3835491180419908,22.757164001464844,2.482164001464845,21.089590072631836,0.8145900726318374,21.764545440673828,1.4895454406738295
DEHE011,DE,8.9216,50.1358,16.294,12.086860656738281,-4.207139343261719,14.874896049499512,-1.4191039505004888,17.960905075073242,1.6669050750732417,16.643171310424805,0.3491713104248042
DEHE013,DE,9.4834,51.3142,13.562,7.854192733764648,-5.707807266235351,13.395980834960938,-0.1660191650390619,13.969623565673828,0.40762356567382874,14.666043281555176,1.1040432815551764
DEHE018,DE,8.4515,50.0103,18.043,18.14354705810547,0.10054705810546949,19.250701904296875,1.2077019042968757,19.165464401245117,1.122464401245118,18.7319393157959,0.6889393157958992
DEHE020,DE,8.5006,50.5672,18.724,7.4874677658081055,-11.236532234191895,16.5537109375,-2.1702890625,19.57931137084961,0.8553113708496092,20.99448013305664,2.2704801330566404
DEHE022,DE,8.245,50.0503,16.908,17.220014572143555,0.31201457214355344,17.04480743408203,0.13680743408203,16.404720306396484,-0.5032796936035169,17.135055541992188,0.22705554199218625
DEHE024,DE,9.7746,51.2918,3.466,3.5047810077667236,0.03878100776672344,3.8029205799102783,0.33692057991027813,3.804750680923462,0.3387506809234617,3.8899857997894287,0.4239857997894285
DEHE026,DE,9.3994,50.1644,4.134,4.18691873550415,0.05291873550415005,4.627064228057861,0.493064228057861,4.4210686683654785,0.2870686683654782,4.258872032165527,0.124872032165527
DEHE028,DE,8.8173,49.6535,5.019,4.716793537139893,-0.30220646286010755,5.526796817779541,0.5077968177795409,5.20839262008667,0.1893926200866698,5.109283924102783,0.09028392410278308
DEHE030,DE,8.7693,50.8043,14.765,6.210122585296631,-8.55487741470337,14.206771850585938,-0.5582281494140631,14.437228202819824,-0.32777179718017635,16.764780044555664,1.9997800445556635
DEHE032,DE,9.8003,50.97,9.681,3.9158732891082764,-5.765126710891723,8.759448051452637,-0.9215519485473624,10.855417251586914,1.174417251586915,10.496665000915527,0.8156650009155282
DEHE039,DE,9.4594,50.7704,4.377,4.389143466949463,0.012143466949463111,4.780610084533691,0.4036100845336916,4.803384780883789,0.4263847808837893,4.432775497436523,0.05577549743652366
DEHE042,DE,8.6844,50.533,9.611,9.023050308227539,-0.5879496917724616,10.795388221740723,1.184388221740722,11.036365509033203,1.4253655090332025,11.154603004455566,1.5436030044555658
DEHE043,DE,8.5168,49.8252,10.257,10.82115364074707,0.5641536407470706,11.500716209411621,1.2437162094116214,11.561330795288086,1.3043307952880863,11.496826171875,1.2398261718750003
DEHE044,DE,8.061,50.3832,15.744,6.298760890960693,-9.445239109039306,14.222207069396973,-1.5217929306030271,16.93914031982422,1.195140319824219,18.8387451171875,3.0947451171875002
DEHE045,DE,9.002,49.6725,11.41,4.059172630310059,-7.3508273696899415,9.676264762878418,-1.7337352371215822,12.351240158081055,0.9412401580810545,12.780275344848633,1.3702753448486327
DEHE050,DE,9.2712,51.3608,4.582,5.673366546630859,1.0913665466308595,5.027590751647949,0.44559075164794937,5.096245288848877,0.5142452888488771,4.9855499267578125,0.40354992675781265
DEHE051,DE,9.9359,50.4977,2.823,2.8178415298461914,-0.0051584701538085476,2.876728057861328,0.05372805786132817,3.0081186294555664,0.18511862945556645,2.959989309310913,0.13698930931091313
DEHE052,DE,8.4461,50.2219,3.776,5.5658488273620605,1.7898488273620607,4.399621486663818,0.6236214866638186,4.674821853637695,0.8988218536376955,4.45103120803833,0.6750312080383303
DEHE060,DE,9.0318,51.1548,3.731,3.9381017684936523,0.20710176849365247,4.072865009307861,0.34186500930786146,4.0835089683532715,0.3525089683532716,3.801595449447632,0.07059544944763196
DEHE105,DE,8.4917,50.5751,15.574,6.607643127441406,-8.966356872558594,13.472868919372559,-2.1011310806274412,14.191662788391113,-1.3823372116088866,15.399280548095703,-0.17471945190429672
DEHH008,DE,9.9679,53.5641,16.283,23.184146881103516,6.901146881103514,19.106731414794922,2.8237314147949206,19.043447494506836,2.7604474945068347,18.60306167602539,2.3200616760253894
DEHH047,DE,10.1106,53.6307,9.402,10.700273513793945,1.298273513793946,10.482337951660156,1.080337951660157,9.642568588256836,0.2405685882568367,10.434778213500977,1.0327782135009773
DEHH050,DE,9.8572,53.4809,8.37,7.1256561279296875,-1.2443438720703117,8.57870864868164,0.2087086486816414,9.0704927444458,0.7004927444458016,8.616562843322754,0.2465628433227547
DEHH059,DE,9.9906,53.5079,15.512,23.184146881103516,7.672146881103515,19.106731414794922,3.5947314147949214,19.043447494506836,3.5314474945068355,18.60306167602539,3.09106167602539
DEHH079,DE,9.9448,53.5453,21.482,23.184146881103516,1.7021468811035163,19.106731414794922,-2.3752685852050774,19.043447494506836,-2.4385525054931634,18.60306167602539,-2.8789383239746087
DEMV004,DE,12.0647,53.8178,3.411,3.1681668758392334,-0.24283312416076663,3.594646692276001,0.18364669227600094,5.013864517211914,1.602864517211914,4.117774486541748,0.706774486541748
DEMV007,DE,12.1741,54.1616,5.938,6.992732524871826,1.0547325248718264,6.452146053314209,0.5141460533142093,7.2178778648376465,1.2798778648376468,6.830047130584717,0.8920471305847171
DEMV012,DE,14.2574,53.5205,3.952,2.9279932975769043,-1.0240067024230957,5.1567535400390625,1.2047535400390625,4.8285017013549805,0.8765017013549805,4.456912994384766,0.5049129943847657
DEMV017,DE,11.3733,53.3074,4.568,3.3129961490631104,-1.2550038509368893,4.565149307250977,-0.002850692749023054,5.2241740226745605,0.6561740226745609,4.82806396484375,0.2600639648437504
DEMV019,DE,12.1755,53.7818,4.891,3.1403911113739014,-1.7506088886260986,6.137935161590576,1.2469351615905762,6.2092461585998535,1.3182461585998535,5.859895706176758,0.9688957061767578
DEMV021,DE,12.08,54.1713,9.332,11.564116477966309,2.232116477966308,9.265146255493164,-0.06685374450683668,9.53815746307373,0.20615746307372973,9.440001487731934,0.10800148773193285
DEMV024,DE,12.4639,53.3963,3.369,3.2186279296875,-0.15037207031250022,3.9114556312561035,0.5424556312561033,5.094982147216797,1.7259821472167967,4.220198631286621,0.8511986312866209
DEMV026,DE,13.3421,54.3235,3.435,3.107635021209717,-0.32736497879028326,3.618236541748047,0.18323654174804682,4.490002632141113,1.0550026321411132,4.233619213104248,0.798619213104248
DENI011,DE,10.4736,52.2269,8.644,7.963508605957031,-0.6804913940429689,9.781902313232422,1.1379023132324217,9.015670776367188,0.37167077636718737,8.019508361816406,-0.6244916381835939
DENI016,DE,10.4813,51.9016,6.701,4.523002624511719,-2.177997375488281,6.255173683166504,-0.4458263168334957,7.138587951660156,0.4375879516601566,6.950814247131348,0.24981424713134803
DENI020,DE,10.8164,52.4408,9.891,6.336669921875,-3.554330078125,11.73574447631836,1.8447444763183594,10.682549476623535,0.7915494766235351,10.359599113464355,0.46859911346435545
DENI028,DE,10.2385,51.5076,6.566,4.03409481048584,-2.53190518951416,7.215327739715576,0.6493277397155763,7.086877346038818,0.5208773460388185,6.646913528442383,0.08091352844238298
DENI029,DE,7.2073,53.3623,10.736,11.851764678955078,1.1157646789550775,12.137547492980957,1.4015474929809564,11.189687728881836,0.4536877288818353,10.469698905944824,-0.26630109405517643
DENI031,DE,8.0906,53.5962,7.516,7.15640115737915,-0.3595988426208496,7.807244777679443,0.29124477767944335,8.511815071105957,0.995815071105957,7.814964771270752,0.29896477127075194
DENI038,DE,8.0529,52.2553,11.54,10.459024429321289,-1.08097557067871,11.87137508392334,0.3313750839233407,12.066268920898438,0.5262689208984384,11.618758201599121,0.07875820159912195
DENI041,DE,9.0626,52.1702,8.195,5.52589750289917,-2.6691024971008304,9.069586753845215,0.8745867538452146,8.496849060058594,0.30184906005859347,8.327829360961914,0.13282936096191378
DENI042,DE,9.9498,51.5511,8.397,6.494558334350586,-1.9024416656494143,9.306096076965332,0.9090960769653318,9.111827850341797,0.7148278503417966,8.6756010055542,0.278601005554199
DENI043,DE,7.3175,52.4986,9.479,6.840054988861084,-2.638945011138915,10.60033130645752,1.1213313064575203,11.028185844421387,1.5491858444213875,10.295048713684082,0.8160487136840828
DENI051,DE,10.6125,51.7582,2.934,2.5017619132995605,-0.4322380867004396,3.4766085147857666,0.5426085147857664,3.789705276489258,0.8557052764892576,3.144124746322632,0.21012474632263167
DENI052,DE,9.623,52.8294,7.539,5.57983922958374,-1.9591607704162595,8.06019115447998,0.5211911544799808,8.478957176208496,0.9399571762084964,8.1370267868042,0.5980267868041995
DENI054,DE,9.7061,52.3629,11.109,10.59783935546875,-0.51116064453125,11.33564567565918,0.2266456756591797,12.309381484985352,1.2003814849853516,11.720457077026367,0.6114570770263672
DENI058,DE,7.214,53.7153,5.513,5.631020545959473,0.11802054595947276,6.137698650360107,0.6246986503601075,6.160181045532227,0.6471810455322267,5.308565139770508,-0.2044348602294921
DENI059,DE,8.8012,53.8302,8.056,13.982329368591309,5.926329368591309,8.882095336914062,0.8260953369140633,8.915731430053711,0.8597314300537118,8.366131782531738,0.3101317825317391
DENI060,DE,11.1671,52.957,6.479,3.644864559173584,-2.834135440826416,7.2735981941223145,0.7945981941223144,7.6877312660217285,1.2087312660217284,6.800378799438477,0.32137879943847647
DENI062,DE,10.4565,53.247,9.009,5.8331379890441895,-3.175862010955811,9.900235176086426,0.8912351760864254,10.2715482711792,1.2625482711791989,9.615222930908203,0.6062229309082028
DENI063,DE,9.685,53.5242,8.917,13.300674438476562,4.383674438476563,10.880062103271484,1.9630621032714846,10.131114959716797,1.214114959716797,9.519952774047852,0.6029527740478517
DENI077,DE,9.5546,51.7088,4.827,3.7472705841064453,-1.0797294158935546,5.15880012512207,0.33180012512207036,5.322718620300293,0.495718620300293,4.988109588623047,0.16110958862304692
DENW002,DE,7.3314,51.6414,12.953,13.101664543151855,0.14866454315185607,13.730584144592285,0.7775841445922858,14.642641067504883,1.6896410675048834,13.624367713928223,0.6713677139282233
DENW006,DE,7.5698,51.5922,14.986,15.051010131835938,0.06501013183593685,15.285174369812012,0.29917436981201107,17.434581756591797,2.448581756591796,16.003936767578125,1.0179367675781243
DENW008,DE,7.4574,51.5369,17.891,16.607139587402344,-1.2838604125976545,17.757970809936523,-0.1330291900634748,20.91759490966797,3.0265949096679705,18.52518653869629,0.6341865386962908
DENW010,DE,7.6938,51.5475,12.472,14.225811004638672,1.7538110046386723,12.702886581420898,0.2308865814208989,14.647248268127441,2.175248268127442,13.089295387268066,0.6172953872680669
DENW022,DE,7.1019,51.5336,16.74,19.518192291259766,2.778192291259767,17.3441104888916,0.6041104888916031,19.25613021850586,2.516130218505861,17.410507202148438,0.6705072021484391
DENW024,DE,6.981,51.4965,18.628,18.959924697875977,0.33192469787597645,19.39780616760254,0.769806167602539,21.437114715576172,2.8091147155761718,20.20543098449707,1.5774309844970702
DENW029,DE,7.2086,51.403,11.621,15.821917533874512,4.200917533874511,11.1383695602417,-0.4826304397583012,13.498298645019531,1.8772986450195308,12.514320373535156,0.8933203735351558
DENW038,DE,6.8651,51.4535,17.69,21.63155174255371,3.9415517425537097,16.921939849853516,-0.7680601501464857,19.38200569152832,1.692005691528319,18.909854888916016,1.2198548889160143
DENW053,DE,6.8846,51.0193,15.169,19.464025497436523,4.295025497436523,16.883485794067383,1.7144857940673823,17.835552215576172,2.6665522155761714,16.629438400268555,1.4604384002685542
DENW059,DE,6.9851,50.8899,16.957,18.68438148498535,1.7273814849853508,20.143163681030273,3.1861636810302727,18.68472671508789,1.7277267150878899,18.969919204711914,2.0129192047119133
DENW062,DE,7.0827,50.7536,17.72,14.382133483886719,-3.33786651611328,18.758228302001953,1.0382283020019543,18.04120635986328,0.3212063598632824,20.260446548461914,2.540446548461915
DENW064,DE,6.281,50.6532,4.577,4.389671325683594,-0.1873286743164062,3.6594631671905518,-0.9175368328094482,4.884850025177002,0.307850025177002,4.883434772491455,0.3064347724914551
DENW065,DE,8.1919,50.9303,3.787,4.548247337341309,0.7612473373413087,3.8948521614074707,0.10785216140747078,3.724240303039551,-0.06275969696044914,4.197505950927734,0.41050595092773445
DENW066,DE,6.1958,51.3269,13.636,13.565414428710938,-0.07058557128906173,13.804184913635254,0.16818491363525467,15.311674118041992,1.675674118041993,14.413018226623535,0.7770182266235359
DENW068,DE,8.148,51.5707,6.577,7.295059680938721,0.7180596809387207,7.385859489440918,0.808859489440918,7.956822395324707,1.379822395324707,7.362088680267334,0.785088680267334
DENW071,DE,6.7324,51.2492,15.557,24.970245361328125,9.413245361328125,17.603700637817383,2.0467006378173824,18.800676345825195,3.243676345825195,16.951398849487305,1.3943988494873043
DENW078,DE,6.8199,51.3034,15.391,18.098377227783203,2.707377227783203,16.59959602355957,1.2085960235595703,18.45088005065918,3.0598800506591797,16.747272491455078,1.356272491455078
DENW079,DE,7.005,51.0289,16.763,15.95858383178711,-0.8044161682128923,17.62185287475586,0.8588528747558577,18.90399932861328,2.1409993286132796,18.328231811523438,1.5652318115234358
DENW080,DE,7.0526,51.1838,12.999,13.507083892822266,0.5080838928222651,13.675607681274414,0.6766076812744135,15.519070625305176,2.5200706253051752,14.088621139526367,1.0896211395263666
DENW081,DE,6.8745,51.862,9.643,8.933486938476562,-0.7095130615234382,12.21643352508545,2.5734335250854485,10.645620346069336,1.0026203460693353,10.26612377166748,0.6231237716674798
DENW094,DE,6.0938,50.7547,7.784,8.0760498046875,0.2920498046875002,8.62689208984375,0.8428920898437502,9.0897855758667,1.3057855758666994,8.646357536315918,0.8623575363159182
DENW095,DE,7.6116,51.9365,11.938,11.63790512084961,-0.30009487915039124,12.452966690063477,0.514966690063476,14.084128379821777,2.1461283798217767,12.852582931518555,0.9145829315185541
DENW179,DE,7.5823,51.4488,13.291,13.389824867248535,0.09882486724853479,12.733295440673828,-0.5577045593261722,15.229044914245605,1.938044914245605,14.842363357543945,1.551363357543945
DENW247,DE,6.9656,51.4068,19.63,18.959924697875977,-0.6700753021240224,19.39780616760254,-0.23219383239745994,21.437114715576172,1.8071147155761729,20.20543098449707,0.5754309844970713
DERP001,DE,8.4023,49.515,14.277,21.4525203704834,7.175520370483399,18.21453094482422,3.9375309448242195,17.016035079956055,2.7390350799560554,15.888351440429688,1.6113514404296883
DERP007,DE,8.2168,50.0176,13.58,17.220014572143555,3.6400145721435546,17.04480743408203,3.464807434082031,16.404720306396484,2.8247203063964843,17.135055541992188,3.5550555419921874
DERP009,DE,8.274,49.995,18.689,12.701554298400879,-5.987445701599121,24.147972106933594,5.458972106933594,21.65610122680664,2.9671012268066406,24.168746948242188,5.479746948242187
DERP013,DE,7.2935,49.4231,4.362,4.375279903411865,0.013279903411865135,4.5664591789245605,0.20445917892456045,4.798590660095215,0.43659066009521474,4.984833240509033,0.6228332405090331
DERP014,DE,7.1934,49.7409,3.065,2.9539520740509033,-0.11104792594909663,3.278351306915283,0.21335130691528326,3.3429172039031982,0.2779172039031983,3.1764016151428223,0.11140161514282232
DERP015,DE,6.3781,50.2665,2.636,3.286783218383789,0.6507832183837889,3.5812244415283203,0.9452244415283202,3.501103162765503,0.8651031627655028,3.1857497692108154,0.5497497692108153
DERP016,DE,7.9735,50.7668,3.991,4.738677978515625,0.7476779785156249,4.7207441329956055,0.7297441329956054,4.605032444000244,0.614032444000244,4.259220600128174,0.2682206001281737
DERP017,DE,7.8264,49.2703,2.991,3.6125593185424805,0.6215593185424804,3.369473457336426,0.3784734573364257,3.5965592861175537,0.6055592861175536,3.395127534866333,0.4041275348663329
DERP019,DE,7.7673,49.446,12.345,6.726260662078857,-5.618739337921143,13.003847122192383,0.6588471221923822,13.910297393798828,1.5652973937988275,14.25891399383545,1.9139139938354486
DERP021,DE,7.4814,50.4247,14.179,10.670165061950684,-3.5088349380493167,14.786930084228516,0.6079300842285154,16.379697799682617,2.200697799682617,16.258695602416992,2.079695602416992
DERP022,DE,7.8662,49.8412,15.324,6.8958845138549805,-8.42811548614502,14.548047065734863,-0.7759529342651366,16.352893829345703,1.0288938293457033,18.07726287841797,2.753262878417969
DERP025,DE,8.2535,49.0523,10.02,8.713533401489258,-1.3064665985107418,10.516860961914062,0.4968609619140629,11.031447410583496,1.0114474105834965,11.648195266723633,1.6281952667236332
DERP028,DE,7.7299,50.4243,4.429,7.382082462310791,2.9530824623107907,5.6963276863098145,1.2673276863098142,5.3571977615356445,0.9281977615356443,5.058713436126709,0.6297134361267087
DERP053,DE,8.423,49.3511,15.893,13.061230659484863,-2.8317693405151374,19.78238868713379,3.8893886871337884,19.070390701293945,3.1773907012939446,19.5462589263916,3.653258926391601
DERP060,DE,7.6146,49.192,10.216,3.538222312927246,-6.677777687072753,9.931062698364258,-0.2849373016357415,10.430392265319824,0.21439226531982492,11.61438274383545,1.39838274383545
DESH008,DE,10.2406,54.0932,4.728,4.894655227661133,0.16665522766113305,6.181764602661133,1.453764602661133,5.708380699157715,0.9803806991577151,5.291220188140869,0.5632201881408694
DESH023,DE,10.6959,53.8355,8.216,8.84408187866211,0.6280818786621101,8.26458740234375,0.048587402343750696,9.089308738708496,0.8733087387084968,8.87978458404541,0.6637845840454109
DESH035,DE,9.1569,53.8961,17.726,16.272098541259766,-1.4539014587402335,17.58352279663086,-0.14247720336913972,19.30668830871582,1.5806883087158212,18.565587997436523,0.8395879974365243
DESL011,DE,7.0363,49.2372,9.433,7.884868144989014,-1.5481318550109862,8.965076446533203,-0.4679235534667967,9.528947830200195,0.09594783020019548,9.751968383789062,0.31896838378906267
DESL012,DE,6.9876,49.2335,17.244,8.5321044921875,-8.7118955078125,17.74066734313965,0.49666734313964866,18.034208297729492,0.7902082977294924,20.10572052001953,2.8617205200195315
DESL013,DE,6.7536,49.3226,11.495,7.972822666168213,-3.5221773338317863,10.233736991882324,-1.261263008117675,9.57332706451416,-1.921672935485839,10.196161270141602,-1.2988387298583977
DESL017,DE,6.8677,49.2543,11.136,7.501682758331299,-3.6343172416687004,11.65967082977295,0.52367082977295,10.821861267089844,-0.3141387329101555,11.41656494140625,0.28056494140625077
DESL019,DE,6.552,49.4169,4.929,4.2980451583862305,-0.6309548416137698,4.559658527374268,-0.3693414726257327,5.118103981018066,0.18910398101806614,5.538427352905273,0.6094273529052732
DESN001,DE,12.9973,50.5709,12.39,2.9088635444641113,-9.48113645553589,12.841943740844727,0.451943740844726,12.569404602050781,0.17940460205078068,12.944366455078125,0.5543664550781244
DESN004,DE,14.4438,51.1757,10.551,4.236630439758301,-6.314369560241699,10.3621826171875,-0.18881738281250016,11.633489608764648,1.0824896087646483,11.491806983947754,0.9408069839477537
DESN017,DE,13.3468,50.9163,17.095,3.9101603031158447,-13.184839696884154,11.76917839050293,-5.325821609497069,15.773826599121094,-1.3211734008789051,17.104106903076172,0.009106903076173012
DESN024,DE,12.4687,50.3548,7.395,2.6887612342834473,-4.706238765716552,6.636820316314697,-0.7581796836853023,7.780028820037842,0.3850288200378422,7.802327632904053,0.40732763290405316
DESN045,DE,14.8228,50.8924,8.952,3.6622352600097656,-5.289764739990234,9.051834106445312,0.09983410644531254,9.108853340148926,0.15685334014892582,8.606093406677246,-0.34590659332275386
DESN051,DE,13.675,51.1195,8.034,5.888123989105225,-2.145876010894776,8.77674674987793,0.742746749877929,8.633116722106934,0.5991167221069329,8.368494033813477,0.33449403381347587
DESN052,DE,13.7515,50.7315,4.698,3.643526554107666,-1.0544734458923344,5.436272621154785,0.7382726211547848,5.049539566040039,0.35153956604003866,4.913056373596191,0.215056373596191
DESN059,DE,12.2974,51.3179,9.102,6.52543306350708,-2.5765669364929202,9.849395751953125,0.7473957519531247,10.00497055053711,0.9029705505371091,9.169092178344727,0.06709217834472625
DESN074,DE,13.4651,50.6591,5.23,3.826152801513672,-1.4038471984863286,6.144394397735596,0.9143943977355953,5.472906589508057,0.24290658950805621,5.218934059143066,-0.01106594085693402
DESN079,DE,14.7497,51.2854,5.548,3.7840728759765625,-1.7639271240234375,5.49999475479126,-0.04800524520874028,5.712048530578613,0.16404853057861324,4.930246829986572,-0.6177531700134278
DESN092,DE,13.7302,51.0361,11.953,9.664061546325684,-2.288938453674316,11.027933120727539,-0.9250668792724603,12.174681663513184,0.2216816635131842,12.223747253417969,0.27074725341796935
DESN093,DE,12.2111,50.6081,6.591,3.872539520263672,-2.7184604797363283,8.16546630859375,1.5744663085937498,7.473261833190918,0.8822618331909178,7.2475905418396,0.6565905418395994
DEST002,DE,11.8648,52.2684,7.294,5.1599836349487305,-2.134016365051269,7.764850616455078,0.47085061645507853,7.863435745239258,0.5694357452392582,7.151710033416748,-0.14228996658325155
DEST011,DE,10.7901,51.8394,8.603,3.692453384399414,-4.910546615600586,8.23806381225586,-0.3649361877441404,9.716994285583496,1.1139942855834963,8.525702476501465,-0.07729752349853491
DEST029,DE,11.739,51.8035,10.894,6.301907539367676,-4.592092460632324,12.790148735046387,1.8961487350463866,12.01384449005127,1.1198444900512694,11.788588523864746,0.894588523864746
DEST044,DE,11.0574,51.897,8.569,4.115316390991211,-4.45368360900879,7.924072265625,-0.6449277343750008,9.16218376159668,0.5931837615966788,8.604791641235352,0.035791641235350724
DEST050,DE,11.9791,51.4962,10.242,7.126957893371582,-3.115042106628419,11.178547859191895,0.9365478591918937,11.781964302062988,1.5399643020629874,10.773417472839355,0.5314174728393546
DEST066,DE,12.6637,51.8709,6.576,4.294779300689697,-2.2812206993103024,7.214487552642822,0.6384875526428226,6.680329322814941,0.10432932281494178,6.842387676239014,0.26638767623901405
DEST077,DE,11.6115,52.1279,10.532,7.8982110023498535,-2.6337889976501465,10.44382381439209,-0.08817618560791018,11.476716995239258,0.9447169952392578,10.701375961303711,0.1693759613037109
DEST098,DE,11.0434,51.6624,2.985,2.783565044403076,-0.2014349555969237,2.889373302459717,-0.09562669754028308,3.771347761154175,0.7863477611541749,2.818246603012085,-0.16675339698791491
DEST104,DE,11.8914,51.8373,5.179,4.4787678718566895,-0.7002321281433108,5.489323139190674,0.31032313919067356,5.785889625549316,0.6068896255493161,4.978964805603027,-0.20003519439697293
DETH005,DE,11.3689,50.6512,9.936,3.5396173000335693,-6.396382699966431,9.399758338928223,-0.5362416610717773,10.509671211242676,0.5736712112426758,10.726799011230469,0.7907990112304688
DETH009,DE,12.0749,50.8779,12.079,4.80325984954834,-7.275740150451661,10.097278594970703,-1.9817214050292975,12.460039138793945,0.3810391387939447,12.301990509033203,0.2229905090332025
DETH011,DE,12.4376,50.9878,10.869,4.539936542510986,-6.3290634574890134,10.919124603271484,0.0501246032714846,11.043880462646484,0.1748804626464846,10.812840461730957,-0.05615953826904274
DETH013,DE,10.3172,50.9783,7.584,3.781454563140869,-3.8025454368591305,8.983284950256348,1.399284950256348,9.274974822998047,1.6909748229980472,8.441831588745117,0.8578315887451176
DETH018,DE,10.7914,51.4972,9.985,4.272303104400635,-5.712696895599365,10.973124504089355,0.988124504089356,10.817353248596191,0.832353248596192,11.00015926361084,1.0151592636108404
DETH020,DE,11.0379,50.9795,12.178,6.724621295928955,-5.453378704071046,13.756752014160156,1.5787520141601554,13.21220588684082,1.0342058868408195,12.790881156921387,0.6128811569213859
DETH026,DE,10.3753,50.5618,4.829,3.224612236022949,-1.6043877639770505,6.451874256134033,1.6228742561340335,5.651066303253174,0.8220663032531741,5.017569541931152,0.1885695419311526
DETH027,DE,11.1346,50.5,3.455,3.290053606033325,-0.16494639396667488,5.383812427520752,1.9288124275207519,4.169140815734863,0.7141408157348632,3.8255224227905273,0.3705224227905273
DETH036,DE,12.2052,50.6559,9.921,3.872539520263672,-6.0484604797363275,8.16546630859375,-1.7555336914062494,7.473261833190918,-2.4477381668090814,7.2475905418396,-2.6734094581603998
DETH041,DE,11.5971,50.9335,10.224,5.128284454345703,-5.095715545654297,12.2100248336792,1.986024833679199,11.686841011047363,1.462841011047363,10.668204307556152,0.44420430755615214
DETH042,DE,10.8672,51.3333,2.971,3.604724645614624,0.6337246456146239,4.939183712005615,1.9681837120056151,3.8479230403900146,0.8769230403900146,3.8803019523620605,0.9093019523620605
DETH061,DE,11.6612,50.7916,3.076,3.254962682723999,0.17896268272399896,4.593783855438232,1.5177838554382324,3.812580108642578,0.7365801086425781,3.4170355796813965,0.3410355796813964
DETH093,DE,11.321,50.9822,10.715,5.014073371887207,-5.700926628112793,11.824169158935547,1.109169158935547,11.27168083190918,0.5566808319091798,11.153177261352539,0.4381772613525392
DETH095,DE,10.451,51.2079,9.105,3.6705844402313232,-5.434415559768677,11.0631742477417,1.9581742477416988,10.100958824157715,0.9959588241577144,9.221534729003906,0.11653472900390582
DEUB001,DE,8.308,54.9231,3.337,2.550973653793335,-0.7860263462066652,3.7877719402313232,0.45077194023132305,3.858212947845459,0.5212129478454588,3.5961363315582275,0.25913633155822735
DEUB005,DE,10.7561,52.8009,3.828,3.6328072547912598,-0.19519274520874008,4.517362594604492,0.6893625946044923,4.6857733726501465,0.8577733726501466,4.018621444702148,0.1906214447021486
DEUB028,DE,12.725,54.4368,3.207,3.4744441509246826,0.26744415092468277,3.534449338912964,0.327449338912964,3.4335503578186035,0.22655035781860366,3.4342548847198486,0.22725488471984878
DK0056A,DK,10.1936,56.1598,7.169,6.267961502075195,-0.9010384979248043,8.607877731323242,1.4388777313232426,8.784810066223145,1.615810066223145,8.37845516204834,1.2094551620483402
EE0009R,EE,25.9306,59.4944,1.473,1.5717520713806152,0.09875207138061515,1.8331351280212402,0.36013512802124015,1.4994274377822876,0.02642743778228751,1.6734226942062378,0.2004226942062377
EE0011R,EE,21.845,58.3761,1.314,1.299634337425232,-0.014365662574768123,1.5905911922454834,0.27659119224548334,1.4398524761199951,0.12585247611999506,1.4617973566055298,0.14779735660552973
EE0016A,EE,26.7589,58.7028,1.417,1.3243783712387085,-0.09262162876129154,1.4484668970108032,0.031466897010803185,1.1130218505859375,-0.30397814941406254,1.2746503353118896,-0.1423496646881104
EE0021A,EE,26.7347,58.3706,8.048,5.491811275482178,-2.5561887245178223,7.20629358291626,-0.8417064170837403,7.866137981414795,-0.18186201858520512,7.378557205200195,-0.6694427947998047
EE0022A,EE,28.1792,59.3762,6.304,3.6926543712615967,-2.6113456287384036,7.838734149932861,1.534734149932861,7.1186323165893555,0.8146323165893552,6.605855464935303,0.30185546493530246
ES0001R,ES,-4.3504,39.5463,1.28,1.1585026979446411,-0.12149730205535891,2.2573695182800293,0.9773695182800293,1.134545087814331,-0.14545491218566897,1.5321727991104126,0.25217279911041257
ES0006R,ES,4.3239,39.8761,2.022,2.0214505195617676,-0.0005494804382322194,6.343900203704834,4.321900203704834,2.3837027549743652,0.36170275497436544,2.367069959640503,0.34506995964050313
ES0007R,ES,-3.5506,37.2369,2.681,2.9047696590423584,0.22376965904235835,3.6225969791412354,0.9415969791412353,3.0857250690460205,0.40472506904602046,3.722052812576294,1.041052812576294
ES0008R,ES,-4.8497,43.4392,2.044,2.468609571456909,0.42460957145690914,3.6969757080078125,1.6529757080078125,2.028757095336914,-0.015242904663085977,2.0682435035705566,0.0242435035705566
ES0009R,ES,-3.1425,41.2742,1.113,0.7598681449890137,-0.3531318550109863,1.4378435611724854,0.32484356117248536,1.9601138830184937,0.8471138830184937,1.8523597717285156,0.7393597717285156
ES0010R,ES,3.3156,42.3192,2.398,1.928433895111084,-0.46956610488891615,4.027656078338623,1.629656078338623,2.9389538764953613,0.5409538764953612,2.844093084335327,0.446093084335327
ES0011R,ES,-6.9233,38.4728,2.253,1.1827603578567505,-1.0702396421432496,2.032013177871704,-0.220986822128296,1.9081449508666992,-0.3448550491333009,2.329359292984009,0.07635929298400868
ES0012R,ES,-1.1008,39.0828,1.117,1.4254757165908813,0.30847571659088135,1.2000230550765991,0.08302305507659913,1.1654411554336548,0.04844115543365479,3.2035410404205322,2.0865410404205322
ES0013R,ES,-5.8974,41.2389,0.992,1.223172664642334,0.231172664642334,2.7354376316070557,1.7434376316070557,1.5865100622177124,0.5945100622177124,1.1043928861618042,0.1123928861618042
ES0014R,ES,0.7342,41.3933,2.495,1.6442558765411377,-0.8507441234588624,3.030681848526001,0.5356818485260009,2.624286651611328,0.12928665161132802,2.746746301651001,0.25174630165100087
ES0016R,ES,-7.7046,42.6347,1.932,2.505321502685547,0.5733215026855469,2.349487781524658,0.41748778152465826,2.6004858016967773,0.6684858016967774,2.229670524597168,0.29767052459716803
ES0017R,ES,-6.555,37.0519,4.211,2.982597589492798,-1.2284024105072024,1.703580379486084,-2.5074196205139163,2.7779946327209473,-1.433005367279053,3.7362780570983887,-0.4747219429016116
ES0125A,ES,-3.705,40.3469,28.904,24.597637176513672,-4.306362823486328,41.53269577026367,12.628695770263672,29.851659774780273,0.9476597747802735,32.04066848754883,3.136668487548828
ES0126A,ES,-3.7319,40.3947,25.844,24.597637176513672,-1.2463628234863293,41.53269577026367,15.68869577026367,29.851659774780273,4.007659774780272,32.04066848754883,6.196668487548827
ES0296A,ES,3.016,39.7485,4.995,4.0871686935424805,-0.9078313064575196,7.382244110107422,2.3872441101074218,7.055891513824463,2.060891513824463,5.0176191329956055,0.022619132995605362
ES0692A,ES,2.115,41.3705,22.179,67.37508392333984,45.19608392333984,48.41081619262695,26.231816192626955,23.858118057250977,1.679118057250978,22.453126907348633,0.2741269073486343
ES0694A,ES,2.0098,41.3922,24.311,24.38494110107422,0.0739411010742188,29.117488861083984,4.806488861083984,22.784698486328125,-1.526301513671875,23.11121368408203,-1.1997863159179687
ES1038A,ES,-4.0642,43.3464,8.58,11.091708183288574,2.511708183288574,18.357757568359375,9.777757568359375,9.922941207885742,1.3429412078857421,12.356119155883789,3.776119155883789
ES1039A,ES,-4.0636,43.3558,13.357,11.091708183288574,-2.265291816711425,18.357757568359375,5.000757568359376,9.922941207885742,-3.434058792114257,12.356119155883789,-1.0008808441162103
ES1126A,ES,1.9232,41.4756,20.772,17.311115264892578,-3.4608847351074203,43.550716400146484,22.778716400146486,23.871675491333008,3.0996754913330093,23.366092681884766,2.594092681884767
ES1193A,ES,-3.7492,40.42,15.159,19.111886978149414,3.9528869781494134,20.079639434814453,4.920639434814452,15.974550247192383,0.8155502471923821,16.206695556640625,1.0476955566406243
ES1231A,ES,2.089,41.4768,17.818,20.051952362060547,2.2339523620605455,28.853553771972656,11.035553771972655,19.151348114013672,1.3333481140136705,19.37148666381836,1.553486663818358
ES1353A,ES,-5.6796,43.2941,11.149,3.47306227684021,-7.675937723159789,13.491463661193848,2.3424636611938485,10.799400329589844,-0.3495996704101554,12.786349296569824,1.637349296569825
ES1396A,ES,2.1331,41.3788,19.201,67.37508392333984,48.17408392333984,48.41081619262695,29.209816192626953,23.858118057250977,4.657118057250976,22.453126907348633,3.2521269073486323
ES1397A,ES,2.2873,42.0033,14.7,6.020806312561035,-8.679193687438964,10.068582534790039,-4.63141746520996,15.713407516479492,1.013407516479493,17.014711380004883,2.3147113800048835
ES1400A,ES,-0.1519,41.5056,4.493,2.160867214202881,-2.3321327857971195,14.856054306030273,10.363054306030273,5.476827621459961,0.9838276214599606,4.9039154052734375,0.4109154052734372
ES1421A,ES,-1.1067,40.3364,9.223,2.7174627780914307,-6.50553722190857,21.174823760986328,11.951823760986327,8.087653160095215,-1.135346839904786,7.898932933807373,-1.3240670661926277
ES1425A,ES,-6.0056,37.3753,16.727,16.96602439880371,0.23902439880371062,30.923389434814453,14.196389434814453,18.976871490478516,2.2498714904785153,18.795230865478516,2.0682308654785153
ES1432A,ES,-6.5527,43.1788,7.598,1.666010856628418,-5.931989143371582,5.241555213928223,-2.356444786071777,6.97569465637207,-0.6223053436279296,7.349391460418701,-0.2486085395812987
ES1433A,ES,-5.596,43.2757,5.776,2.788341760635376,-2.987658239364624,7.899604797363281,2.1236047973632814,6.882242202758789,1.1062422027587893,7.016920566558838,1.240920566558838
ES1435A,ES,-0.2492,40.4167,4.694,0.9913472533226013,-3.7026527466773986,2.4525437355041504,-2.2414562644958496,4.520258903503418,-0.17374109649658198,4.678073406219482,-0.01592659378051753
ES1443A,ES,-3.6361,42.3361,8.265,6.5376176834106445,-1.727382316589356,22.19119644165039,13.92619644165039,9.77126407623291,1.5062640762329096,10.018692016601562,1.753692016601562
ES1450A,ES,-5.9517,37.3983,14.875,17.22286605834961,2.3478660583496094,21.92730140686035,7.052301406860352,15.886760711669922,1.0117607116699219,16.279155731201172,1.4041557312011719
ES1453A,ES,2.2095,41.4474,23.411,24.719608306884766,1.3086083068847643,34.45363235473633,11.042632354736327,25.96988296508789,2.5588829650878893,24.844329833984375,1.4333298339843736
ES1472A,ES,-1.653,42.806,16.173,8.014476776123047,-8.158523223876951,17.412216186523438,1.2392161865234392,18.39520263671875,2.2222026367187517,17.729623794555664,1.5566237945556658
ES1489A,ES,-3.2317,42.8752,2.647,1.5042041540145874,-1.1427958459854124,4.231161594390869,1.5841615943908693,2.5533201694488525,-0.09367983055114726,2.4518706798553467,-0.19512932014465312
ES1491A,ES,-2.7032,43.4059,2.865,4.422224044799805,1.5572240447998045,6.950112819671631,4.085112819671631,3.426826000213623,0.5618260002136228,2.7697203159332275,-0.09527968406677267
ES1516A,ES,-6.2252,36.5228,9.731,29.412559509277344,19.681559509277342,25.676877975463867,15.945877975463867,9.877412796020508,0.14641279602050794,10.65440845489502,0.9234084548950197
ES1529A,ES,-3.7903,43.4678,12.268,9.767172813415527,-2.5008271865844733,16.482818603515625,4.214818603515624,16.339824676513672,4.071824676513671,19.078392028808594,6.810392028808593
ES1530A,ES,-4.1356,43.0119,6.77,1.2588483095169067,-5.511151690483093,8.091115951538086,1.3211159515380864,7.125004768371582,0.35500476837158246,6.790493488311768,0.020493488311768004
ES1531A,ES,-4.2531,43.1533,1.105,1.3834675550460815,0.27846755504608156,1.7072187662124634,0.6022187662124634,1.41822350025177,0.31322350025177004,0.6309729814529419,-0.4740270185470581
ES1532A,ES,-3.6514,40.3881,28.012,26.624155044555664,-1.3878449554443364,44.14982223510742,16.13782223510742,28.32084846496582,0.30884846496581986,29.41396713256836,1.401967132568359
ES1537A,ES,-3.1716,40.6298,15.816,8.823765754699707,-6.992234245300294,24.775753021240234,8.959753021240234,17.14295768737793,1.326957687377929,13.81248664855957,-2.0035133514404304
ES1543A,ES,-0.1694,40.735,3.595,0.9980741143226624,-2.596925885677338,1.4157506227493286,-2.1792493772506716,4.154802322387695,0.5598023223876951,4.04041862487793,0.4454186248779295
ES1544A,ES,-2.3937,42.849,9.316,2.7943148612976074,-6.521685138702393,12.284626960754395,2.968626960754394,9.517950057983398,0.2019500579833977,10.372584342956543,1.0565843429565422
ES1549A,ES,-2.811,36.7697,13.683,5.334224224090576,-8.348775775909424,24.728994369506836,11.045994369506836,12.927364349365234,-0.7556356506347655,15.615751266479492,1.9327512664794924
ES1551A,ES,2.1254,41.5127,21.96,19.65645980834961,-2.3035401916503915,37.356082916259766,15.396082916259765,25.275056838989258,3.315056838989257,24.945110321044922,2.985110321044921
ES1568A,ES,-3.8768,40.3242,20.676,20.765411376953125,0.08941137695312662,31.75364875793457,11.077648757934572,23.626537322998047,2.9505373229980485,25.089868545532227,4.413868545532228
ES1572A,ES,-5.8728,43.3727,7.677,15.508635520935059,7.831635520935059,18.509851455688477,10.832851455688477,9.756673812866211,2.0796738128662113,8.509074211120605,0.8320742111206059
ES1578A,ES,-3.2206,43.3825,6.347,5.444887161254883,-0.9021128387451176,11.347628593444824,5.000628593444824,9.860864639282227,3.513864639282226,7.8007965087890625,1.453796508789062
ES1579A,ES,-4.0628,43.2644,8.573,2.998457193374634,-5.574542806625367,9.08755111694336,0.514551116943359,6.576030731201172,-1.9969692687988285,9.711119651794434,1.1381196517944332
ES1593A,ES,-6.2031,36.4606,8.562,7.348355770111084,-1.2136442298889154,21.839872360229492,13.277872360229493,9.254602432250977,0.6926024322509772,8.671157836914062,0.10915783691406311
ES1598A,ES,-3.1344,43.2129,7.487,4.463855743408203,-3.023144256591797,8.229482650756836,0.7424826507568358,8.895859718322754,1.4088597183227538,7.560435771942139,0.07343577194213857
ES1599A,ES,-2.155,43.2506,2.754,6.79678201675415,4.042782016754151,4.813849925994873,2.059849925994873,3.8283376693725586,1.0743376693725586,2.8505825996398926,0.09658259963989257
ES1601A,ES,-7.0114,38.8876,11.493,3.138256072998047,-8.354743927001953,7.366663455963135,-4.126336544036866,14.157039642333984,2.664039642333984,16.31231689453125,4.81931689453125
ES1602A,ES,-2.428,42.464,14.529,10.01534366607666,-4.51365633392334,14.710028648376465,0.18102864837646493,16.51825523376465,1.9892552337646485,18.121492385864258,3.592492385864258
ES1604A,ES,2.6217,39.5645,8.331,49.939292907714844,41.60829290771484,16.44399070739746,8.112990707397461,8.79043197631836,0.45943197631835986,8.552125930786133,0.2211259307861333
ES1611A,ES,-3.5914,40.0333,11.587,3.480931043624878,-8.106068956375122,14.176257133483887,2.589257133483887,12.691910743713379,1.1049107437133792,11.624667167663574,0.037667167663574475
ES1612A,ES,-3.8689,40.4461,15.454,14.002955436706543,-1.4510445632934577,23.57781982421875,8.12381982421875,16.993736267089844,1.5397362670898431,17.526094436645508,2.072094436645507
ES1616A,ES,-5.943,39.8437,3.238,1.7704862356185913,-1.4675137643814087,5.158445358276367,1.9204453582763672,2.7423765659332275,-0.49562343406677245,3.8328020572662354,0.5948020572662354
ES1624A,ES,-0.6828,38.2422,9.312,7.334782600402832,-1.9772173995971674,12.79439926147461,3.48239926147461,9.120866775512695,-0.19113322448730408,7.3306050300598145,-1.981394969940185
ES1640A,ES,-5.8337,37.3425,10.096,10.704270362854004,0.6082703628540038,18.1175479888916,8.021547988891601,11.767769813537598,1.6717698135375976,11.108996391296387,1.0129963912963866
ES1641A,ES,-0.8936,41.6353,12.126,11.942914009094238,-0.18308599090576116,23.73775863647461,11.61175863647461,16.243486404418945,4.117486404418946,16.502470016479492,4.376470016479493
ES1645A,ES,-3.575,40.4747,28.035,28.74713706970215,0.7121370697021483,40.07557678222656,12.040576782226562,30.229145050048828,2.194145050048828,30.65009880065918,2.6150988006591795
ES1653A,ES,-5.9138,37.2845,13.36,8.466633796691895,-4.893366203308105,19.124557495117188,5.764557495117188,14.061836242675781,0.7018362426757818,13.944012641906738,0.5840126419067388
ES1654A,ES,-5.6669,37.9943,2.944,1.2434117794036865,-1.7005882205963134,2.4657888412475586,-0.47821115875244136,3.6731386184692383,0.7291386184692383,3.905301809310913,0.9613018093109131
ES1656A,ES,-3.7816,37.7826,15.079,4.365021705627441,-10.71397829437256,16.52655792236328,1.4475579223632806,15.182294845581055,0.10329484558105406,16.251712799072266,1.172712799072265
ES1670A,ES,-1.2814,39.5586,3.939,2.497581720352173,-1.4414182796478272,5.5792694091796875,1.6402694091796874,2.670085906982422,-1.2689140930175782,4.842865467071533,0.9038654670715331
ES1675A,ES,-0.1467,38.5714,4.817,5.250488758087158,0.43348875808715803,7.643772602081299,2.8267726020812987,6.553318023681641,1.7363180236816405,4.2176833152771,-0.5993166847229006
ES1679A,ES,2.1874,41.3864,24.821,67.37508392333984,42.554083923339846,48.41081619262695,23.58981619262695,23.858118057250977,-0.9628819427490249,22.453126907348633,-2.3678730926513687
ES1696A,ES,-1.9844,43.3028,11.487,14.943467140197754,3.456467140197754,21.760269165039062,10.273269165039062,12.429204940795898,0.9422049407958983,12.63316535949707,1.1461653594970702
ES1712A,ES,-2.9871,43.2984,19.721,17.6055850982666,-2.1154149017333985,24.21786880493164,4.4968688049316405,17.514583587646484,-2.2064164123535157,17.33866310119629,-2.382336898803711
ES1747A,ES,-1.651,42.826,15.773,8.014476776123047,-7.758523223876953,17.412216186523438,1.6392161865234378,18.39520263671875,2.6222026367187503,17.729623794555664,1.9566237945556644
ES1749A,ES,-2.173,42.898,10.073,2.8349387645721436,-7.238061235427857,20.64188575744629,10.568885757446289,11.270163536071777,1.197163536071777,12.069981575012207,1.9969815750122066
ES1778A,ES,2.358,41.7793,1.963,2.9289262294769287,0.9659262294769286,2.36492657661438,0.4019265766143798,2.4220032691955566,0.45900326919555656,2.5751872062683105,0.6121872062683105
ES1786A,ES,-2.3905,36.865,7.417,5.636407375335693,-1.7805926246643065,16.280057907104492,8.863057907104492,6.234399318695068,-1.1826006813049315,7.661646366119385,0.24464636611938495
ES1799A,ES,-4.7623,37.8926,12.658,8.017017364501953,-4.640982635498046,33.530208587646484,20.872208587646483,14.907220840454102,2.249220840454102,14.76439094543457,2.106390945434571
ES1802A,ES,-3.4679,40.909,3.111,1.425081729888916,-1.6859182701110842,2.512892246246338,-0.5981077537536623,3.1757912635803223,0.06479126358032206,3.107642889022827,-0.003357110977173061
ES1805A,ES,-3.7022,40.7806,7.87,2.5617010593414307,-5.308298940658569,3.67946720123291,-4.19053279876709,8.736308097839355,0.8663080978393554,8.459322929382324,0.5893229293823241
ES1806A,ES,-3.2211,40.2876,2.943,2.558528184890747,-0.384471815109253,3.6120989322662354,0.6690989322662353,6.044120788574219,3.1011207885742187,6.3125128746032715,3.3695128746032714
ES1807A,ES,-3.5429,40.3597,21.635,17.349170684814453,-4.285829315185548,32.96751403808594,11.332514038085936,23.996450424194336,2.3614504241943344,22.06711196899414,0.43211196899413906
ES1808A,ES,-4.3981,40.3677,5.595,2.432074785232544,-3.162925214767456,3.553330421447754,-2.041669578552246,5.089284420013428,-0.505715579986572,5.869888782501221,0.27488878250122095
ES1809A,ES,-3.6803,40.1852,16.639,9.328574180603027,-7.310425819396972,16.434297561645508,-0.20470243835449153,19.140750885009766,2.5017508850097663,17.962482452392578,1.3234824523925788
ES1810A,ES,-4.2752,40.2479,4.2,3.940349817276001,-0.2596501827239992,5.842336654663086,1.6423366546630858,4.624820709228516,0.42482070922851545,5.598696708679199,1.398696708679199
ES1815A,ES,1.6866,41.3468,10.75,9.035614967346191,-1.7143850326538086,19.253679275512695,8.503679275512695,11.009766578674316,0.2597665786743164,10.736083030700684,-0.013916969299316406
ES1816A,ES,2.4433,41.5472,13.775,12.552348136901855,-1.2226518630981449,18.61104965209961,4.836049652099609,14.946283340454102,1.1712833404541012,14.165555953979492,0.39055595397949183
ES1818A,ES,-4.0208,39.8681,14.617,5.707955837249756,-8.909044162750245,18.173921585083008,3.556921585083007,15.685271263122559,1.0682712631225577,15.95465087890625,1.3376508789062491
ES1819A,ES,-6.3392,38.9062,8.738,4.131994247436523,-4.606005752563476,10.56038761138916,1.8223876113891606,7.881720066070557,-0.8562799339294429,8.102254867553711,-0.6357451324462886
ES1820A,ES,-6.3974,38.428,4.494,2.526888608932495,-1.9671113910675047,5.431703567504883,0.937703567504883,4.011701583862305,-0.4822984161376951,5.65506649017334,1.16106649017334
ES1824A,ES,-3.8103,37.7844,9.673,2.684950113296509,-6.988049886703491,7.041735649108887,-2.6312643508911133,7.900169372558594,-1.7728306274414063,8.769798278808594,-0.9032017211914063
ES1828A,ES,3.8576,40.0106,7.341,1.3907514810562134,-5.950248518943787,5.289474010467529,-2.051525989532471,4.897785663604736,-2.443214336395264,7.433086395263672,0.09208639526367168
ES1829A,ES,2.6481,39.6356,7.661,6.119103908538818,-1.5418960914611812,10.72920036315918,3.06820036315918,6.0523481369018555,-1.6086518630981441,6.004136085510254,-1.6568639144897457
ES1838A,ES,-3.5033,40.5997,10.234,8.19569206237793,-2.0383079376220703,12.360333442687988,2.1263334426879883,10.724740028381348,0.49074002838134767,10.879597663879395,0.6455976638793945
ES1851A,ES,1.8482,42.0979,10.712,4.407403945922852,-6.304596054077148,7.3866190910339355,-3.325380908966064,11.211469650268555,0.49946965026855494,11.523595809936523,0.8115958099365237
ES1856A,ES,2.148,41.4261,19.677,27.338138580322266,7.661138580322266,31.66557502746582,11.98857502746582,20.330236434936523,0.6532364349365238,18.969552993774414,-0.7074470062255855
ES1868A,ES,-8.5591,42.876,7.014,7.884420394897461,0.8704203948974607,13.334997177124023,6.320997177124023,7.485100269317627,0.4711002693176267,6.585735321044922,-0.42826467895507836
ES1882A,ES,-1.8687,38.1147,3.607,1.8539353609085083,-1.753064639091492,5.11789608001709,1.5108960800170896,6.121862888336182,2.5148628883361814,5.972647666931152,2.365647666931152
ES1890A,ES,-3.8337,40.3419,21.846,20.765411376953125,-1.080588623046875,31.75364875793457,9.90764875793457,23.626537322998047,1.7805373229980468,25.089868545532227,3.2438685455322265
ES1903A,ES,2.0138,41.3135,16.663,24.38494110107422,7.7219411010742185,29.117488861083984,12.454488861083984,22.784698486328125,6.121698486328125,23.11121368408203,6.448213684082031
ES1910A,ES,1.9915,41.3031,9.317,11.748605728149414,2.431605728149414,14.127544403076172,4.810544403076172,10.838358879089355,1.5213588790893553,10.589869499206543,1.2728694992065428
ES1914A,ES,-0.8033,38.4547,6.968,2.6769518852233887,-4.291048114776611,3.982574939727783,-2.9854250602722168,8.13329029083252,1.1652902908325196,8.673151969909668,1.705151969909668
ES1921A,ES,-0.9762,37.6018,20.263,6.838581085205078,-13.424418914794924,27.353357315063477,7.090357315063475,16.286252975463867,-3.9767470245361345,20.45890998840332,0.19590998840331864
ES1937A,ES,-3.6867,40.3981,19.8,26.624155044555664,6.824155044555663,44.14982223510742,24.34982223510742,28.32084846496582,8.52084846496582,29.41396713256836,9.613967132568359
ES1939A,ES,-3.6856,40.4097,14.946,26.702781677246094,11.756781677246094,30.109771728515625,15.163771728515625,21.49932098388672,6.553320983886719,22.100858688354492,7.1548586883544925
ES1941A,ES,-3.6119,40.3728,26.439,26.624155044555664,0.185155044555664,44.14982223510742,17.710822235107422,28.32084846496582,1.8818484649658203,29.41396713256836,2.9749671325683593
ES1942A,ES,-3.5806,40.4625,18.188,28.74713706970215,10.55913706970215,40.07557678222656,21.887576782226564,30.229145050048828,12.04114505004883,30.65009880065918,12.46209880065918
ES1944A,ES,-3.6603,40.4942,20.269,26.702781677246094,6.433781677246095,30.109771728515625,9.840771728515627,21.49932098388672,1.2303209838867204,22.100858688354492,1.8318586883544938
ES1945A,ES,-3.7744,40.5181,11.435,5.633116722106934,-5.801883277893067,9.625149726867676,-1.8098502731323247,13.212779998779297,1.7777799987792964,12.734478950500488,1.2994789505004878
ES1946A,ES,-3.6089,40.465,20.165,26.702781677246094,6.537781677246095,30.109771728515625,9.944771728515626,21.49932098388672,1.3343209838867196,22.100858688354492,1.935858688354493
ES1947A,ES,-3.6897,40.5006,19.522,13.61998462677002,-5.902015373229979,32.0146369934082,12.492636993408205,23.623537063598633,4.101537063598634,20.331640243530273,0.809640243530275
ES1957A,ES,-8.4092,43.3828,9.496,12.721965789794922,3.2259657897949214,15.949651718139648,6.453651718139648,10.410573959350586,0.9145739593505855,9.438514709472656,-0.05748529052734419
ES1963A,ES,-3.8328,40.1192,17.075,9.730768203735352,-7.344231796264648,20.329614639282227,3.2546146392822273,18.18893814086914,1.1139381408691413,18.02025032043457,0.945250320434571
ES1974A,ES,-5.6707,43.5166,13.494,18.35387420654297,4.859874206542969,14.499088287353516,1.0050882873535159,14.574603080749512,1.080603080749512,10.891286849975586,-2.602713150024414
ES1982A,ES,0.7296,42.0513,1.19,1.4474561214447021,0.2574561214447022,1.2924022674560547,0.10240226745605474,1.2817647457122803,0.09176474571228033,1.5366230010986328,0.34662300109863287
ES1988A,ES,-5.5664,42.5753,10.247,7.208829879760742,-3.0381701202392577,16.927711486816406,6.680711486816406,11.06705093383789,0.8200509338378907,8.89132308959961,-1.3556769104003905
ES1989A,ES,-5.0897,43.0414,2.802,0.8187935948371887,-1.9832064051628113,1.7416483163833618,-1.0603516836166382,2.3887267112731934,-0.4132732887268067,3.058509349822998,0.256509349822998
ES1990A,ES,-6.2239,40.5697,3.313,0.8564579486846924,-2.456542051315308,3.3101747035980225,-0.002825296401977706,0.698808491230011,-2.614191508769989,5.571461200714111,2.258461200714111
ES1991A,ES,-2.8569,41.7236,3.915,1.0803446769714355,-2.8346553230285645,2.1342666149139404,-1.7807333850860596,4.9914631843566895,1.0764631843566894,3.2706940174102783,-0.6443059825897217
ES1992A,ES,2.1151,41.3875,15.87,67.37508392333984,51.505083923339846,48.41081619262695,32.540816192626956,23.858118057250977,7.988118057250977,22.453126907348633,6.583126907348634
ES1997A,ES,-6.0848,40.0437,7.958,2.2747151851654053,-5.683284814834595,11.654016494750977,3.6960164947509764,6.9677886962890625,-0.9902113037109377,7.537568092346191,-0.4204319076538088
ES2014A,ES,-7.4089,42.0616,1.108,1.487697720527649,0.37969772052764883,3.2672600746154785,2.1592600746154784,1.1043846607208252,-0.0036153392791749006,1.3645391464233398,0.25653914642333975
ES2029A,ES,-4.7008,40.6647,6.644,2.1287715435028076,-4.5152284564971925,17.77057456970215,11.126574569702148,7.164021968841553,0.5200219688415526,5.41517972946167,-1.2288202705383302
ES2041A,ES,0.1911,41.9161,10.859,3.417874336242676,-7.441125663757324,12.345266342163086,1.486266342163086,13.193428039550781,2.3344280395507813,9.488659858703613,-1.3703401412963867
ES2054A,ES,-5.9583,43.5705,7.546,13.356721878051758,5.8107218780517575,10.922626495361328,3.376626495361328,7.078433036804199,-0.46756696319580104,8.155673027038574,0.609673027038574
FI00352,FI,29.4016,66.3217,0.776,0.5135987997055054,-0.26240120029449465,1.0162159204483032,0.2402159204483032,0.9384711384773254,0.16247113847732542,0.9104418158531189,0.13444181585311887
FI00356,FI,24.1123,67.9672,0.654,0.41307735443115234,-0.24092264556884768,0.8225306868553162,0.16853068685531614,0.7830473780632019,0.12904737806320188,0.7469546794891357,0.09295467948913572
FR01011,FR,6.1808,49.1194,9.811,9.125057220458984,-0.6859427795410156,10.537715911865234,0.7267159118652344,10.667854309082031,0.8568543090820313,10.988585472106934,1.1775854721069337
FR01012,FR,6.2233,49.1103,11.771,7.1843438148498535,-4.586656185150147,11.75181770324707,-0.019182296752930483,12.546236991882324,0.7752369918823234,11.393890380859375,-0.3771096191406258
FR01018,FR,6.1228,49.1075,6.928,9.125057220458984,2.1970572204589844,10.537715911865234,3.6097159118652344,10.667854309082031,3.7398543090820313,10.988585472106934,4.060585472106934
FR01020,FR,6.1569,49.3583,12.967,7.973414897918701,-4.993585102081299,10.558880805969238,-2.4081191940307622,10.063129425048828,-2.9038705749511724,14.661202430725098,1.6942024307250971
FR02022,FR,4.6292,43.6751,13.883,4.5132856369018555,-9.369714363098144,10.254053115844727,-3.6289468841552726,9.06920051574707,-4.813799484252929,15.91553020477295,2.03253020477295
FR02041,FR,5.1011,43.639,10.153,4.2506489753723145,-5.902351024627686,10.59328556060791,0.4402855606079097,9.73562240600586,-0.4173775939941411,11.061375617980957,0.9083756179809566
FR03014,FR,5.3601,43.3481,26.546,14.851371765136719,-11.69462823486328,29.95307159423828,3.407071594238282,31.209047317504883,4.663047317504883,25.666824340820312,-0.8791756591796869
FR03029,FR,5.4409,43.5303,14.109,4.613682270050049,-9.495317729949951,9.188942909240723,-4.920057090759277,8.936283111572266,-5.172716888427734,16.02562141418457,1.9166214141845703
FR03043,FR,5.3947,43.3053,19.591,14.851371765136719,-4.739628234863282,29.95307159423828,10.36207159423828,31.209047317504883,11.618047317504882,25.666824340820312,6.075824340820311
FR03060,FR,5.8754,43.1016,12.997,7.861926555633545,-5.135073444366455,17.821044921875,4.824044921875,14.079916000366211,1.082916000366211,13.467391014099121,0.4703910140991212
FR03080,FR,4.8043,43.9497,11.567,7.537463665008545,-4.029536334991455,9.173922538757324,-2.393077461242676,9.191458702087402,-2.375541297912598,13.259296417236328,1.692296417236328
FR04002,FR,2.2944,48.9303,19.193,24.75544548034668,5.562445480346678,22.89224624633789,3.6992462463378892,22.837860107421875,3.6448601074218736,22.722625732421875,3.5296257324218736
FR04004,FR,2.3467,48.8917,20.762,37.69587326049805,16.933873260498046,25.35883903503418,4.596839035034179,22.281190872192383,1.5191908721923824,25.945486068725586,5.1834860687255855
FR04014,FR,2.3939,48.8372,21.019,37.69587326049805,16.67687326049805,25.35883903503418,4.339839035034181,22.281190872192383,1.2621908721923845,25.945486068725586,4.926486068725588
FR04017,FR,2.2781,48.8814,19.229,28.975297927856445,9.746297927856446,22.902570724487305,3.6735707244873055,19.778392791748047,0.5493927917480477,24.216751098632812,4.987751098632813
FR04018,FR,2.3847,48.9039,22.926,28.804153442382812,5.878153442382814,25.526790618896484,2.600790618896486,26.135250091552734,3.209250091552736,27.23749542236328,4.311495422363283
FR04024,FR,2.4447,48.9908,14.651,30.09837532043457,15.44737532043457,24.283403396606445,9.632403396606446,25.63382339477539,10.98282339477539,20.97564697265625,6.32464697265625
FR04029,FR,2.1306,48.7992,12.382,12.42933464050293,0.047334640502930014,15.143046379089355,2.761046379089356,14.798239707946777,2.4162397079467777,15.202075958251953,2.8200759582519535
FR04034,FR,2.3758,48.7759,18.002,24.11004638671875,6.108046386718751,19.255399703979492,1.2533997039794933,17.468120574951172,-0.533879425048827,21.413936614990234,3.4119366149902355
FR04038,FR,1.8833,48.5819,4.865,4.224589824676514,-0.6404101753234865,5.984710216522217,1.1197102165222166,5.836635112762451,0.971635112762451,7.630679607391357,2.765679607391357
FR04060,FR,2.2933,48.8572,20.496,28.975297927856445,8.479297927856447,22.902570724487305,2.406570724487306,19.778392791748047,-0.7176072082519518,24.216751098632812,3.720751098632814
FR04063,FR,1.7033,48.9964,13.128,6.93135404586792,-6.19664595413208,11.623844146728516,-1.5041558532714845,13.272953033447266,0.1449530334472655,16.46581268310547,3.3378126831054686
FR04069,FR,2.6614,48.5414,11.994,7.6006622314453125,-4.393337768554687,10.508578300476074,-1.4854216995239256,10.995726585388184,-0.9982734146118162,14.171812057495117,2.1778120574951174
FR04098,FR,2.6353,48.8403,16.111,16.588802337646484,0.4778023376464837,19.812585830688477,3.701585830688476,19.84258270263672,3.731582702636718,18.692401885986328,2.5814018859863275
FR04100,FR,2.5072,48.8819,17.606,22.346996307373047,4.740996307373045,21.884788513183594,4.278788513183592,22.704219818115234,5.098219818115233,21.128021240234375,3.5220212402343734
FR04101,FR,2.5175,48.8164,17.416,22.346996307373047,4.9309963073730465,21.884788513183594,4.468788513183593,22.704219818115234,5.288219818115234,21.128021240234375,3.7120212402343746
FR04149,FR,2.4572,48.7067,14.153,19.864261627197266,5.711261627197265,15.73161506652832,1.5786150665283198,15.37897777557373,1.22597777557373,15.602169036865234,1.449169036865234
FR04156,FR,2.4525,48.9025,19.005,30.09837532043457,11.093375320434571,24.283403396606445,5.278403396606446,25.63382339477539,6.628823394775392,20.97564697265625,1.970646972656251
FR04319,FR,2.5753,48.9556,18.458,24.708881378173828,6.25088137817383,22.001768112182617,3.543768112182619,21.521102905273438,3.063102905273439,20.436269760131836,1.9782697601318375
FR04323,FR,2.4292,48.6272,16.369,14.114415168762207,-2.2545848312377927,16.01893424987793,-0.3500657501220701,15.57466983795166,-0.7943301620483396,19.170093536376953,2.8010935363769534
FR05078,FR,0.1427,49.4983,12.388,35.5263671875,23.138367187500002,18.34955596923828,5.961555969238281,16.0052433013916,3.6172433013916017,14.125903129577637,1.7379031295776368
FR05087,FR,0.7587,49.4984,6.523,5.314096450805664,-1.2089035491943356,6.088656902313232,-0.43434309768676727,6.485752105712891,-0.03724789428710906,6.873878479003906,0.35087847900390656
FR05090,FR,0.1006,49.5147,7.979,10.118274688720703,2.139274688720703,9.019458770751953,1.040458770751953,10.456204414367676,2.4772044143676757,10.532061576843262,2.5530615768432616
FR07004,FR,3.1138,45.7973,12.864,8.769697189331055,-4.094302810668946,13.525581359863281,0.6615813598632805,13.348519325256348,0.4845193252563469,14.487221717834473,1.6232217178344719
FR07022,FR,3.6007,46.6527,1.413,2.225473642349243,0.8124736423492431,2.090203285217285,0.6772032852172851,2.4364349842071533,1.0234349842071533,3.320755958557129,1.9077559585571289
FR08003,FR,3.8663,43.6113,17.741,6.6772990226745605,-11.06370097732544,20.90943717956543,3.16843717956543,19.091411590576172,1.3504115905761722,19.468042373657227,1.727042373657227
FR08016,FR,3.8868,43.5915,13.523,8.4773588180542,-5.0456411819458005,18.294879913330078,4.771879913330078,18.615509033203125,5.092509033203125,15.355655670166016,1.832655670166016
FR08022,FR,3.5048,43.2875,4.933,2.340954303741455,-2.5920456962585448,6.4346923828125,1.5016923828125002,5.309378147125244,0.3763781471252443,5.732422828674316,0.7994228286743166
FR08614,FR,4.3744,43.8344,12.386,4.26651668548584,-8.11948331451416,6.06611442565918,-6.3198855743408195,6.672906398773193,-5.713093601226806,13.085119247436523,0.6991192474365242
FR08714,FR,2.9005,42.6955,12.668,6.154493808746338,-6.513506191253661,15.006996154785156,2.338996154785157,15.70227336883545,3.03427336883545,12.840469360351562,0.17246936035156324
FR09003,FR,-1.1537,46.1626,10.651,5.466822147369385,-5.184177852630615,9.915658950805664,-0.7353410491943357,10.6783447265625,0.0273447265625002,10.155695915222168,-0.49530408477783183
FR09008,FR,-1.1171,46.1351,5.604,5.466822147369385,-0.13717785263061533,9.915658950805664,4.311658950805664,10.6783447265625,5.0743447265625,10.155695915222168,4.551695915222168
FR09103,FR,0.1672,45.6474,10.514,5.060894012451172,-5.4531059875488275,8.108734130859375,-2.4052658691406243,8.529748916625977,-1.9842510833740228,11.905951499938965,1.3919514999389655
FR09302,FR,-0.3959,46.1432,1.394,2.1985251903533936,0.8045251903533936,2.303964853286743,0.9099648532867433,2.1927411556243896,0.7987411556243897,2.6160624027252197,1.2220624027252198
FR09404,FR,0.3456,46.584,11.278,5.047694683074951,-6.230305316925049,10.983168601989746,-0.2948313980102544,11.675480842590332,0.39748084259033156,13.596384048461914,2.3183840484619136
FR12004,FR,1.4181,43.5757,12.308,10.629202842712402,-1.6787971572875975,12.216155052185059,-0.09184494781494124,12.33749771118164,0.029497711181640796,14.125065803527832,1.8170658035278322
FR12026,FR,2.1459,43.9278,9.246,4.2561798095703125,-4.989820190429688,7.30496883392334,-1.9410311660766606,6.671106338500977,-2.574893661499024,10.290793418884277,1.044793418884277
FR12030,FR,1.444,43.5873,11.332,10.629202842712402,-0.7027971572875984,12.216155052185059,0.8841550521850579,12.33749771118164,1.0054977111816399,14.125065803527832,2.7930658035278313
FR12042,FR,-0.0405,43.0962,8.07,3.162515640258789,-4.907484359741211,8.81179428100586,0.7417942810058591,9.016030311584473,0.9460303115844724,10.269623756408691,2.199623756408691
FR12052,FR,0.0623,43.2303,10.397,8.0306396484375,-2.3663603515625002,14.7252779006958,4.3282779006958005,15.471261024475098,5.074261024475097,10.71485424041748,0.3178542404174802
FR12053,FR,2.2302,43.6105,5.449,2.568632125854492,-2.8803678741455077,5.373096466064453,-0.07590353393554672,4.714123249053955,-0.7348767509460448,6.258023738861084,0.8090237388610841
FR14010,FR,4.0511,49.2822,9.445,9.119256973266602,-0.3257430267333987,10.123074531555176,0.6780745315551755,11.190159797668457,1.7451597976684567,10.805868148803711,1.3608681488037107
FR14012,FR,4.0206,49.2242,9.293,9.119256973266602,-0.1737430267333977,10.123074531555176,0.8300745315551765,11.190159797668457,1.8971597976684578,10.805868148803711,1.5128681488037117
FR14022,FR,4.36,48.9622,7.165,4.460988521575928,-2.7040114784240723,6.844649314880371,-0.32035068511962894,7.335973262786865,0.1709732627868652,8.430916786193848,1.2659167861938476
FR14031,FR,4.0769,48.3017,9.597,3.979016065597534,-5.617983934402465,9.574921607971191,-0.022078392028808125,9.766152381896973,0.16915238189697313,11.254820823669434,1.657820823669434
FR14033,FR,4.0503,48.295,7.6,4.621958255767822,-2.9780417442321774,8.47169303894043,0.87169303894043,8.670390129089355,1.0703901290893558,8.39452838897705,0.7945283889770511
FR14042,FR,4.9661,48.6458,7.436,3.317934513092041,-4.118065486907959,5.561450481414795,-1.874549518585205,5.95876932144165,-1.4772306785583496,8.273262023925781,0.8372620239257813
FR14051,FR,4.7192,49.7453,9.223,5.756191253662109,-3.4668087463378914,8.956229209899902,-0.2667707901000984,10.328326225280762,1.105326225280761,11.094852447509766,1.8718524475097649
FR15018,FR,5.5894,45.3602,10.827,7.1082892417907715,-3.7187107582092285,10.42690658569336,-0.4000934143066406,12.09838581085205,1.2713858108520508,13.56606674194336,2.7390667419433594
FR15043,FR,5.7356,45.1619,12.433,14.302152633666992,1.8691526336669924,12.371158599853516,-0.061841400146484204,10.545380592346191,-1.8876194076538084,13.953826904296875,1.5208269042968752
FR15045,FR,5.6767,45.0578,6.677,3.1923370361328125,-3.484662963867187,12.624011993408203,5.9470119934082035,9.169591903686523,2.492591903686524,7.6012091636657715,0.9242091636657719
FR16017,FR,8.1585,48.9194,9.491,7.773006439208984,-1.7179935607910153,8.575833320617676,-0.9151666793823239,8.78920841217041,-0.7017915878295895,11.088842391967773,1.5978423919677738
FR16029,FR,7.7816,48.6104,12.942,11.879844665527344,-1.0621553344726564,12.60399055480957,-0.33800944519042986,13.767669677734375,0.8256696777343748,14.877403259277344,1.9354032592773436
FR16057,FR,7.3473,47.7574,16.924,11.734301567077637,-5.189698432922363,13.703121185302734,-3.220878814697265,16.030141830444336,-0.8938581695556636,16.314634323120117,-0.6093656768798823
FR16060,FR,7.5682,47.5949,14.969,10.739974975585938,-4.229025024414062,12.822531700134277,-2.146468299865722,14.09215259552002,-0.8768474044799799,16.841047286987305,1.8720472869873053
FR16066,FR,7.3091,47.7374,10.542,11.734301567077637,1.192301567077637,13.703121185302734,3.1611211853027346,16.030141830444336,5.488141830444336,16.314634323120117,5.772634323120117
FR18053,FR,2.3046,49.9017,11.828,7.108459949493408,-4.719540050506591,17.094228744506836,5.2662287445068365,15.8908109664917,4.0628109664917,12.908660888671875,1.0806608886718756
FR19012,FR,-4.4866,48.3862,9.309,16.33768653869629,7.02868653869629,19.20189094543457,9.892890945434571,26.219005584716797,16.9100055847168,10.662149429321289,1.3531494293212898
FR19032,FR,-3.395,47.7425,6.173,5.918430328369141,-0.2545696716308594,8.205957412719727,2.0329574127197265,8.88257884979248,2.7095788497924804,7.467037200927734,1.2940372009277343
FR20047,FR,4.954,45.8232,9.954,10.216917991638184,0.26291799163818297,17.099594116210938,7.145594116210937,14.565376281738281,4.611376281738281,11.623955726623535,1.6699557266235345
FR20048,FR,5.0722,45.7533,7.693,9.74959945678711,2.0565994567871098,10.583995819091797,2.8909958190917973,8.997633934020996,1.3046339340209965,9.27694034576416,1.5839403457641605
FR20062,FR,4.8542,45.7577,17.687,28.304733276367188,10.617733276367186,22.203571319580078,4.516571319580077,16.5690975189209,-1.1179024810791027,17.74986457824707,0.06286457824706915
FR21001,FR,-0.3911,49.1922,9.473,9.072535514831543,-0.4004644851684578,10.540818214416504,1.0678182144165032,11.129724502563477,1.6567245025634758,10.835744857788086,1.3627448577880852
FR21019,FR,-0.3528,49.1517,8.414,9.072535514831543,0.6585355148315433,10.540818214416504,2.126818214416504,11.129724502563477,2.715724502563477,10.835744857788086,2.4217448577880862
FR21031,FR,0.1108,48.4456,6.287,3.9648709297180176,-2.3221290702819823,8.593518257141113,2.3065182571411134,9.769174575805664,3.482174575805664,7.498407363891602,1.2114073638916016
FR21040,FR,-1.0847,49.1164,7.204,3.8841359615325928,-3.319864038467407,10.501250267028809,3.297250267028809,9.234323501586914,2.0303235015869143,7.698104381561279,0.49410438156127956
FR22054,FR,6.9109,49.1874,10.818,6.105706214904785,-4.7122937850952145,13.904287338256836,3.0862873382568363,13.771466255187988,2.9534662551879887,11.999262809753418,1.1812628097534184
FR23078,FR,-0.8836,47.0558,7.01,4.1365485191345215,-2.8734514808654783,7.204426288604736,0.19442628860473654,8.514479637145996,1.5044796371459963,7.8078203201293945,0.7978203201293947
FR23107,FR,-1.5733,47.2528,8.372,11.134610176086426,2.762610176086426,10.65160846710205,2.279608467102051,10.767648696899414,2.395648696899414,10.062103271484375,1.6901032714843751
FR23110,FR,-2.2502,47.2641,5.838,7.495258331298828,1.657258331298828,8.398776054382324,2.560776054382324,9.12011432647705,3.2821143264770507,6.933037281036377,1.0950372810363769
FR23120,FR,-0.5559,47.4685,9.153,7.898558616638184,-1.2544413833618169,10.268585205078125,1.1155852050781245,9.608137130737305,0.4551371307373042,11.88026237487793,2.727262374877929
FR23123,FR,-0.7681,48.0693,7.936,4.854578495025635,-3.081421504974365,10.419028282165527,2.4830282821655274,9.503646850585938,1.5676468505859376,9.115700721740723,1.1797007217407227
FR23124,FR,-0.7434,46.6566,2.873,2.6242878437042236,-0.2487121562957766,4.5775957107543945,1.7045957107543943,3.9221267700195312,1.049126770019531,4.141254901885986,1.268254901885986
FR23152,FR,-1.4369,46.6606,5.814,4.261101722717285,-1.552898277282715,8.177752494812012,2.3637524948120117,8.194891929626465,2.380891929626465,7.859100818634033,2.045100818634033
FR23174,FR,0.1961,47.989,8.527,5.161483287811279,-3.36551671218872,8.95675277709961,0.42975277709961013,8.309771537780762,-0.21722846221923753,10.6950044631958,2.1680044631958015
FR23177,FR,-0.4448,47.7883,3.696,2.8990979194641113,-0.7969020805358888,5.3894195556640625,1.6934195556640623,5.62111234664917,1.9251123466491697,4.770737171173096,1.0747371711730955
FR23181,FR,-2.2232,47.2731,5.93,7.495258331298828,1.5652583312988284,8.398776054382324,2.4687760543823245,9.12011432647705,3.190114326477051,6.933037281036377,1.0030372810363772
FR23182,FR,0.2214,47.9711,6.914,5.160295009613037,-1.7537049903869626,8.159716606140137,1.245716606140137,7.525467395782471,0.611467395782471,7.545069694519043,0.6310696945190433
FR23188,FR,-1.5374,47.2222,7.988,11.134610176086426,3.1466101760864253,10.65160846710205,2.6636084671020503,10.767648696899414,2.7796486968994136,10.062103271484375,2.0741032714843746
FR24007,FR,7.0932,43.5988,19.903,17.193538665771484,-2.7094613342285143,32.19544982910156,12.292449829101564,22.078575134277344,2.175575134277345,21.92171287536621,2.0187128753662122
FR24036,FR,7.2863,43.7021,22.659,7.18193244934082,-15.477067550659179,16.463640213012695,-6.195359786987304,16.966432571411133,-5.692567428588866,24.767744064331055,2.1087440643310558
FR25039,FR,1.1483,49.0213,9.044,5.31842041015625,-3.7255795898437505,9.90031909942627,0.856319099426269,9.888898849487305,0.8448988494873042,11.85190486907959,2.8079048690795894
FR25043,FR,1.099,49.4005,9.036,11.619781494140625,2.5837814941406254,9.705157279968262,0.6691572799682621,10.962424278259277,1.9264242782592778,13.169177055358887,4.133177055358887
FR26012,FR,4.0995,47.2748,1.591,1.2369948625564575,-0.35400513744354245,1.962589144706726,0.3715891447067261,2.125096082687378,0.534096082687378,2.1455795764923096,0.5545795764923096
FR26017,FR,3.1711,46.9968,6.179,3.595905065536499,-2.5830949344635012,7.618508815765381,1.4395088157653806,6.224674701690674,0.04567470169067356,7.207874774932861,1.028874774932861
FR27003,FR,4.7665,45.4545,10.541,4.799566745758057,-5.741433254241944,10.591596603393555,0.05059660339355432,11.080047607421875,0.5390476074218746,12.87452507019043,2.3335250701904293
FR27005,FR,4.7707,45.3218,8.683,4.80457878112793,-3.87842121887207,7.240975379943848,-1.4420246200561522,7.647881507873535,-1.0351184921264647,9.809890747070312,1.1268907470703127
FR27010,FR,5.1811,45.4609,3.502,3.0699009895324707,-0.4320990104675291,4.89341402053833,1.3914140205383303,4.311382293701172,0.8093822937011721,3.150132656097412,-0.35186734390258767
FR29423,FR,4.0747,46.0411,10.622,4.985832214355469,-5.636167785644531,13.928455352783203,3.3064553527832032,13.401487350463867,2.7794873504638673,14.67377758026123,4.051777580261231
FR29424,FR,4.3954,45.4201,12.48,6.772055625915527,-5.707944374084473,9.476419448852539,-3.0035805511474614,10.614986419677734,-1.865013580322266,14.391031265258789,1.9110312652587886
FR29439,FR,4.4297,45.4818,9.696,5.79067325592041,-3.9053267440795896,8.045853614807129,-1.6501463851928708,9.405473709106445,-0.2905262908935544,9.96561336517334,0.2696133651733401
FR30028,FR,7.0111,48.0511,0.786,1.5454374551773071,0.7594374551773071,2.3114020824432373,1.5254020824432373,1.900009036064148,1.114009036064148,1.6018295288085938,0.8158295288085937
FR30034,FR,6.1904,48.6882,12.865,9.457221984863281,-3.407778015136719,10.544005393981934,-2.3209946060180666,9.22204303741455,-3.6429569625854494,11.568258285522461,-1.2967417144775393
FR30037,FR,6.136,48.6569,7.304,9.457221984863281,2.153221984863281,10.544005393981934,3.2400053939819333,9.22204303741455,1.9180430374145505,11.568258285522461,4.264258285522461
FR31001,FR,-0.5804,44.8612,10.264,13.92873477935791,3.664734779357911,10.748087882995605,0.4840878829956061,10.26495361328125,0.0009536132812506537,12.34363079071045,2.07963079071045
FR31007,FR,-0.5158,44.9003,10.323,9.177095413208008,-1.1459045867919926,19.662588119506836,9.339588119506836,21.287927627563477,10.964927627563476,11.176356315612793,0.8533563156127926
FR31013,FR,-0.3915,43.3108,8.718,6.2418317794799805,-2.4761682205200195,8.20665168762207,-0.5113483123779297,9.955739974975586,1.237739974975586,9.785061836242676,1.0670618362426758
FR31016,FR,-1.4892,43.4798,9.59,5.344592571258545,-4.245407428741455,10.913043975830078,1.3230439758300783,10.19357967376709,0.60357967376709,10.776144027709961,1.186144027709961
FR31021,FR,-0.5382,43.3763,6.442,3.804210662841797,-2.6377893371582033,6.745083332061768,0.3030833320617674,6.9940900802612305,0.5520900802612303,7.022131443023682,0.5801314430236815
FR31033,FR,0.7272,45.1898,7.39,3.6016080379486084,-3.7883919620513913,7.854186058044434,0.4641860580444339,7.373643398284912,-0.01635660171508757,7.801206111907959,0.4112061119079593
FR32002,FR,4.8351,46.8211,10.779,6.379397869110107,-4.3996021308898925,14.759769439697266,3.9807694396972657,12.491327285766602,1.7123272857666016,16.42914390563965,5.6501439056396485
FR32005,FR,4.3669,46.6788,10.125,3.659116268157959,-6.465883731842041,8.197816848754883,-1.9271831512451172,9.163132667541504,-0.9618673324584961,11.761799812316895,1.6367998123168945
FR32006,FR,4.84,46.3162,11.57,6.790310382843018,-4.779689617156983,12.574275016784668,1.0042750167846677,12.051240921020508,0.48124092102050753,14.700626373291016,3.1306263732910153
FR33101,FR,5.9283,45.5647,13.74,11.105779647827148,-2.6342203521728518,13.771071434020996,0.03107143402099588,13.902857780456543,0.16285778045654276,15.902312278747559,2.1623122787475584
FR33111,FR,6.3496,45.2747,8.518,2.213623523712158,-6.3043764762878425,6.714986801147461,-1.8030131988525397,7.259760856628418,-1.2582391433715827,8.275960922241211,-0.24203907775878974
FR33120,FR,6.87,45.9225,15.388,1.6741684675216675,-13.713831532478332,14.3689546585083,-1.0190453414916991,12.588316917419434,-2.7996830825805663,19.54647445678711,4.1584744567871095
FR33121,FR,6.3897,45.675,12.651,5.541685581207275,-7.109314418792724,12.901253700256348,0.25025370025634786,12.547178268432617,-0.10382173156738261,14.251863479614258,1.600863479614258
FR33211,FR,6.2406,46.1958,15.881,6.971648693084717,-8.909351306915283,12.50450325012207,-3.37649674987793,15.898561477661133,0.017561477661132585,18.513742446899414,2.632742446899414
FR33302,FR,5.8208,46.0722,3.904,2.971646547317505,-0.932353452682495,5.513818264007568,1.6098182640075684,3.8955492973327637,-0.008450702667236243,4.205822944641113,0.30182294464111337
FR34024,FR,0.6538,47.3441,7.851,7.268050193786621,-0.5829498062133789,10.480203628540039,2.629203628540039,9.965235710144043,2.114235710144043,9.807933807373047,1.956933807373047
FR34025,FR,0.6829,47.4191,8.194,4.539427280426025,-3.6545727195739754,9.244678497314453,1.0506784973144523,7.805633544921875,-0.38836645507812584,9.490535736083984,1.2965357360839835
FR34032,FR,2.4053,47.0828,6.546,3.2383205890655518,-3.3076794109344485,6.023200035095215,-0.5227999649047854,5.892714977264404,-0.653285022735596,7.664369106292725,1.1183691062927243
FR34046,FR,1.3585,48.7297,6.429,4.656496047973633,-1.7725039520263675,6.451351642608643,0.022351642608642308,5.766260147094727,-0.6627398529052737,8.666740417480469,2.2377404174804685
FR34051,FR,1.6931,46.7983,6.895,2.7219274044036865,-4.173072595596313,6.819187641143799,-0.07581235885620075,6.421585559844971,-0.47341444015502887,7.138944625854492,0.2439446258544926
FR35002,FR,0.8984,45.8849,4.424,3.5492870807647705,-0.8747129192352299,7.70296573638916,3.27896573638916,5.937530994415283,1.5135309944152828,5.3173089027404785,0.8933089027404781
FR35004,FR,1.5373,45.1587,10.497,4.60101842880249,-5.89598157119751,10.658474922180176,0.1614749221801759,10.65950870513916,0.16250870513916027,10.52044677734375,0.023446777343750114
FR35005,FR,1.873,46.1736,7.314,2.1986095905303955,-5.1153904094696045,8.807304382324219,1.4933043823242187,7.707648277282715,0.3936482772827148,8.464215278625488,1.1502152786254882
FR35006,FR,1.7628,45.2627,7.769,2.6975502967834473,-5.071449703216553,8.679551124572754,0.9105511245727538,8.196046829223633,0.4270468292236327,8.628851890563965,0.8598518905639647
FR36001,FR,4.8763,44.8702,11.297,6.181515216827393,-5.115484783172608,11.032356262207031,-0.26464373779296935,9.580615043640137,-1.7163849563598639,12.328080177307129,1.0310801773071283
FR36002,FR,4.8935,44.9335,12.71,6.378363132476807,-6.331636867523194,12.397159576416016,-0.3128404235839852,11.654439926147461,-1.05556007385254,14.688024520874023,1.9780245208740226
FR36021,FR,5.279,44.5694,0.933,1.053088903427124,0.12008890342712397,1.3255553245544434,0.3925553245544433,1.3823493719100952,0.44934937191009516,1.4690531492233276,0.5360531492233276
FR41001,FR,8.7357,41.9247,12.607,6.907266616821289,-5.69973338317871,10.011063575744629,-2.5959364242553704,9.85836410522461,-2.74863589477539,13.790486335754395,1.1834863357543952
FR41002,FR,9.4464,42.6979,7.94,7.707372665405273,-0.23262733459472695,13.647025108337402,5.707025108337402,11.83023452758789,3.8902345275878902,7.908506393432617,-0.0314936065673832
FR41017,FR,9.4346,42.6713,5.088,7.707372665405273,2.6193726654052734,13.647025108337402,8.559025108337401,11.83023452758789,6.7422345275878905,7.908506393432617,2.820506393432617
FR82006,FR,6.0154,47.2474,12.279,6.9646315574646,-5.3143684425354,15.395609855651855,3.1166098556518556,15.94765567779541,3.6686556777954102,13.401312828063965,1.122312828063965
FR82010,FR,6.794,47.5103,13.527,5.267669677734375,-8.259330322265624,12.634683609008789,-0.8923163909912102,13.672216415405273,0.1452164154052742,15.36308765411377,1.8360876541137703
GR0028A,GR,23.6884,38.0208,26.45,27.89192771911621,1.4419277191162116,24.36380386352539,-2.0861961364746087,23.46417236328125,-2.9858276367187493,26.01036262512207,-0.439637374877929
GR0031A,GR,23.713,37.932,28.15,52.44200134277344,24.29200134277344,21.075082778930664,-7.0749172210693345,26.576065063476562,-1.573934936523436,29.68242645263672,1.5324264526367202
GR0039A,GR,23.8194,37.9951,13.412,11.80053997039795,-1.6114600296020516,6.467239856719971,-6.94476014328003,10.526802062988281,-2.8851979370117196,12.370553970336914,-1.0414460296630867
HR0009A,HR,16.0065,45.7649,28.435,10.593985557556152,-17.841014442443846,25.87329864501953,-2.5617013549804675,30.478046417236328,2.0430464172363294,28.49233627319336,0.057336273193360654
HU0026A,HU,20.6164,48.2472,11.489,5.163577079772949,-6.3254229202270515,11.095888137817383,-0.39311186218261795,12.84367847442627,1.3546784744262688,12.834239959716797,1.345239959716796
HU0037A,HU,17.5567,47.1053,14.553,2.7326061725616455,-11.820393827438355,11.546443939208984,-3.0065560607910164,15.396638870239258,0.843638870239257,13.447224617004395,-1.1057753829956063
HU0038A,HU,20.7031,48.2181,10.915,4.51390266418457,-6.401097335815429,10.994446754455566,0.07944675445556726,11.74460506439209,0.8296050643920907,11.643698692321777,0.7286986923217782
IE0028A,IE,-6.2672,53.322,12.822,20.721731185913086,7.899731185913087,10.009864807128906,-2.812135192871093,14.05382251739502,1.2318225173950204,14.801456451416016,1.9794564514160164
IE0118A,IE,-9.2997,53.8511,6.687,2.4986116886138916,-4.188388311386109,3.473545789718628,-3.2134542102813723,7.55790901184082,0.87090901184082,6.720370292663574,0.03337029266357394
IE0132A,IE,-6.1319,53.2858,10.712,8.061359405517578,-2.6506405944824216,6.213161945343018,-4.498838054656982,15.543437004089355,4.831437004089356,13.731843948364258,3.019843948364258
IE0147A,IE,-7.2681,52.6388,4.512,3.0333046913146973,-1.4786953086853023,2.0834455490112305,-2.428554450988769,4.569274425506592,0.05727442550659223,4.520749092102051,0.008749092102051215
IT0267A,IT,9.4147,45.3294,18.643,15.3361234664917,-3.3068765335083015,24.431583404541016,5.788583404541015,23.87522315979004,5.232223159790038,24.2655029296875,5.622502929687499
IT0448A,IT,12.3139,45.4294,30.242,50.29628372192383,20.054283721923827,37.48682403564453,7.24482403564453,23.81134033203125,-6.430659667968751,27.1455078125,-3.096492187500001
IT0459A,IT,13.3419,43.5989,20.727,3.584235429763794,-17.142764570236206,19.07159423828125,-1.6554057617187503,20.73302459716797,0.006024597167968437,24.075214385986328,3.348214385986328
IT0505A,IT,11.4332,46.5897,2.392,2.855499029159546,0.463499029159546,2.57698392868042,0.18498392868042002,3.455897808074951,1.0638978080749513,3.270972490310669,0.878972490310669
IT0507A,IT,11.6541,46.7149,20.889,5.112217903137207,-15.776782096862792,23.943912506103516,3.0549125061035163,20.17045783996582,-0.718542160034179,21.72527313232422,0.8362731323242194
IT0508A,IT,11.944,46.7974,17.812,3.430791139602661,-14.38120886039734,17.023441314697266,-0.7885586853027355,15.658186912536621,-2.15381308746338,16.046403884887695,-1.7655961151123059
IT0544A,IT,9.8303,44.8239,12.737,3.4188072681427,-9.3181927318573,12.418037414550781,-0.31896258544921885,10.42331314086914,-2.3136868591308595,11.865324020385742,-0.8716759796142579
IT0591A,IT,11.0394,45.8924,19.429,8.020522117614746,-11.408477882385252,27.681591033935547,8.252591033935548,18.742149353027344,-0.6868506469726547,19.339797973632812,-0.089202026367186
IT0663A,IT,11.3686,45.7144,15.505,6.537580490112305,-8.967419509887696,19.008150100708008,3.503150100708007,17.602819442749023,2.0978194427490227,14.92915153503418,-0.5758484649658211
IT0703A,IT,11.4539,46.0518,18.169,2.738144874572754,-15.430855125427247,16.50747299194336,-1.661527008056641,21.065460205078125,2.8964602050781245,20.429798126220703,2.2607981262207026
IT0706A,IT,9.3275,45.4828,30.309,19.794923782348633,-10.514076217651368,34.24129104614258,3.932291046142577,31.69985008239746,1.3908500823974599,29.91848373413086,-0.3905162658691417
IT0707A,IT,9.6439,45.6903,24.14,23.581398010253906,-0.5586019897460943,29.185285568237305,5.045285568237304,27.55960464477539,3.41960464477539,26.16984748840332,2.0298474884033197
IT0732A,IT,8.8042,45.8361,16.461,10.725526809692383,-5.735473190307616,24.560396194458008,8.09939619445801,19.308422088623047,2.8474220886230484,17.140785217285156,0.6797852172851577
IT0741A,IT,10.2994,45.2489,19.856,8.798271179199219,-11.057728820800783,20.355810165405273,0.4998101654052718,21.44893455505371,1.5929345550537093,22.97579002380371,3.1197900238037093
IT0742A,IT,10.3858,45.6394,17.817,3.289653778076172,-14.527346221923828,10.604419708251953,-7.212580291748047,21.24837875366211,3.431378753662109,20.49429702758789,2.6772970275878905
IT0743A,IT,10.4808,45.4633,17.585,12.352411270141602,-5.232588729858399,14.342995643615723,-3.242004356384278,19.10103416442871,1.51603416442871,19.53544044494629,1.9504404449462882
IT0775A,IT,9.385,46.1372,19.294,7.410470008850098,-11.883529991149903,17.07986831665039,-2.21413168334961,24.16352653503418,4.869526535034179,21.812442779541016,2.518442779541015
IT0804A,IT,10.3317,44.7936,15.847,7.764509677886963,-8.082490322113037,19.83676528930664,3.989765289306641,18.794527053833008,2.9475270538330083,19.088224411010742,3.2412244110107427
IT0854A,IT,8.9274,44.4182,17.892,57.93440246582031,40.04240246582032,41.89501190185547,24.00301190185547,20.247669219970703,2.3556692199707037,18.769184112548828,0.8771841125488287
IT0858A,IT,8.9915,44.3949,10.704,32.51301956176758,21.809019561767577,27.178939819335938,16.474939819335937,12.910694122314453,2.2066941223144525,13.099411010742188,2.395411010742187
IT0862A,IT,11.2875,43.7867,16.353,12.055184364318848,-4.297815635681154,21.018516540527344,4.665516540527342,16.839916229248047,0.48691622924804534,17.121049880981445,0.7680498809814438
IT0865A,IT,12.6533,41.5954,16.266,5.721238613128662,-10.544761386871336,17.18268585205078,0.916685852050783,14.36350154876709,-1.9024984512329084,14.015344619750977,-2.2506553802490217
IT0883A,IT,11.3239,43.7892,5.059,4.71397590637207,-0.34502409362792985,7.364741325378418,2.305741325378418,5.369897365570068,0.3108973655700682,5.411045074462891,0.35204507446289046
IT0884A,IT,11.909,42.1579,7.216,2.2710554599761963,-4.944944540023804,8.470751762390137,1.2547517623901365,6.258605480194092,-0.9573945198059084,6.669047832489014,-0.5469521675109865
IT0889A,IT,13.0097,41.725,19.726,8.888020515441895,-10.837979484558105,19.528160095214844,-0.19783990478515534,23.02165985107422,3.2956598510742197,22.22987174987793,2.5038717498779306
IT0903A,IT,10.7339,44.5161,13.613,7.313808917999268,-6.299191082000732,17.33016014099121,3.7171601409912114,16.502864837646484,2.889864837646485,15.455805778503418,1.8428057785034184
IT0908A,IT,10.3725,46.4703,12.461,1.542572021484375,-10.918427978515625,11.686410903930664,-0.7745890960693362,12.746081352233887,0.2850813522338864,13.125478744506836,0.6644787445068356
IT0912A,IT,9.1647,45.1939,20.138,9.776917457580566,-10.361082542419435,25.970075607299805,5.832075607299803,23.885061264038086,3.7470612640380843,24.298601150512695,4.160601150512694
IT0940A,IT,10.6647,44.6908,16.219,8.081925392150879,-8.137074607849122,17.714426040649414,1.4954260406494129,18.900930404663086,2.6819304046630847,18.303430557250977,2.0844305572509754
IT0950A,IT,11.8889,43.4611,12.209,4.452147483825684,-7.756852516174316,13.441757202148438,1.2327572021484379,13.06307315826416,0.8540731582641605,11.363381385803223,-0.845618614196777
IT0952A,IT,12.2663,41.8895,8.921,14.112573623657227,5.191573623657227,13.606127738952637,4.685127738952637,9.976411819458008,1.0554118194580084,8.426852226257324,-0.49414777374267516
IT0956A,IT,12.5687,41.8577,27.69,17.170045852661133,-10.519954147338868,34.180511474609375,6.490511474609374,29.071399688720703,1.3813996887207018,26.560619354248047,-1.1293806457519544
IT0957A,IT,12.6585,41.9295,20.263,8.428958892822266,-11.834041107177736,20.785985946655273,0.5229859466552718,20.784208297729492,0.5212082977294905,24.327302932739258,4.064302932739256
IT0963A,IT,12.2622,45.4992,20.034,34.84410095214844,14.810100952148439,37.06584548950195,17.031845489501954,19.065242767333984,-0.9687572326660145,19.238611221313477,-0.7953887786865224
IT0966A,IT,13.2406,46.0661,17.403,7.7908735275268555,-9.612126472473143,15.817231178283691,-1.5857688217163073,16.191190719604492,-1.2118092803955065,15.891221046447754,-1.5117789535522448
IT0977A,IT,6.9778,45.7292,1.98,1.8717536926269531,-0.10824630737304686,2.1829001903533936,0.20290019035339357,2.8378405570983887,0.8578405570983887,2.427459239959717,0.4474592399597168
IT0983A,IT,7.3242,45.7358,18.201,5.593170166015625,-12.607829833984376,22.479034423828125,4.2780344238281245,16.72972297668457,-1.4712770233154302,17.504722595214844,-0.6962774047851568
IT0988A,IT,7.7664,45.5966,9.023,2.6438190937042236,-6.379180906295776,11.532265663146973,2.509265663146973,11.426651000976562,2.403651000976563,10.382120132446289,1.3591201324462894
IT0989A,IT,12.9621,42.5726,3.535,1.174862027168274,-2.360137972831726,4.648739814758301,1.1137398147583006,4.842479705810547,1.3074797058105467,3.846031904220581,0.3110319042205809
IT0991A,IT,13.3383,41.7273,28.904,1.9641718864440918,-26.939828113555908,32.72983169555664,3.8258316955566407,28.631481170654297,-0.27251882934570304,32.65766906738281,3.7536690673828126
IT0992A,IT,13.6743,41.6692,3.66,2.2203054428100586,-1.4396945571899415,3.884744167327881,0.22474416732788072,4.801961898803711,1.1419618988037108,4.724381446838379,1.0643814468383788
IT1037A,IT,11.1262,46.0629,25.469,10.516880989074707,-14.952119010925294,25.757402420043945,0.2884024200439441,23.946430206298828,-1.522569793701173,27.875150680541992,2.406150680541991
IT1043A,IT,12.5533,44.0625,15.085,6.904098987579346,-8.180901012420655,21.99320411682129,6.908204116821288,15.82939624786377,0.7443962478637687,16.533784866333008,1.448784866333007
IT1065A,IT,11.7367,45.7608,15.568,8.179485321044922,-7.388514678955078,17.64051055908203,2.0725105590820316,13.71652889251709,-1.8514711074829098,14.359612464904785,-1.2083875350952145
IT1071A,IT,10.7717,43.7131,15.271,7.170792102813721,-8.10020789718628,22.874191284179688,7.603191284179687,17.494373321533203,2.2233733215332023,17.13359832763672,1.862598327636718
IT1110A,IT,10.4017,43.7389,12.115,6.160562038421631,-5.954437961578369,17.71085548400879,5.595855484008789,14.273616790771484,2.158616790771484,13.934316635131836,1.8193166351318357
IT1114A,IT,7.0501,45.1391,11.363,2.015289783477783,-9.347710216522216,15.719091415405273,4.356091415405274,11.829719543457031,0.4667195434570317,11.523231506347656,0.1602315063476567
IT1120A,IT,7.5496,45.0069,21.641,15.3463716506958,-6.2946283493041975,35.816009521484375,14.175009521484377,26.0282039642334,4.3872039642334,25.5482177734375,3.9072177734375018
IT1125A,IT,7.6362,44.9513,17.975,13.543684959411621,-4.43131504058838,33.73760986328125,15.762609863281249,24.469697952270508,6.494697952270506,19.871732711791992,1.8967327117919908
IT1128A,IT,7.658,45.1546,19.213,13.584403991699219,-5.628596008300782,28.07634735107422,8.863347351074218,23.56854248046875,4.355542480468749,23.392900466918945,4.179900466918944
IT1149A,IT,10.8817,43.2478,3.704,1.3392404317855835,-2.3647595682144167,7.035505294799805,3.3315052947998045,4.0506510734558105,0.34665107345581037,3.1963868141174316,-0.5076131858825685
IT1152A,IT,10.8836,44.7994,19.104,9.904576301574707,-9.199423698425292,21.823715209960938,2.7197152099609383,22.8851318359375,3.781131835937501,22.81341552734375,3.709415527343751
IT1176A,IT,12.5416,41.886,24.463,17.170045852661133,-7.292954147338868,34.180511474609375,9.717511474609374,29.071399688720703,4.608399688720702,26.560619354248047,2.097619354248046
IT1177A,IT,11.5397,45.5606,18.296,15.513089179992676,-2.7829108200073236,29.143230438232422,10.847230438232423,21.02186393737793,2.7258639373779303,13.547405242919922,-4.7485947570800775
IT1179A,IT,11.9611,44.8397,7.717,5.832642555236816,-1.8843574447631832,11.875365257263184,4.158365257263184,11.819353103637695,4.102353103637696,8.830649375915527,1.1136493759155277
IT1184A,IT,12.9466,41.5314,27.648,3.0333826541900635,-24.614617345809936,22.74361228942871,-4.904387710571289,20.409223556518555,-7.238776443481445,24.3538818359375,-3.2941181640624997
IT1186A,IT,10.245,43.8839,17.494,6.29426383972168,-11.19973616027832,24.77672004699707,7.2827200469970705,17.446924209594727,-0.04707579040527321,18.188627243041992,0.6946272430419924
IT1187A,IT,10.5739,43.8408,14.814,6.323338508605957,-8.490661491394043,22.206233978271484,7.392233978271484,16.5347843170166,1.7207843170166015,15.983119010925293,1.169119010925293
IT1190A,IT,9.5664,46.1317,14.888,5.577408790588379,-9.310591209411621,17.302330017089844,2.414330017089844,17.0096378326416,2.1216378326416017,16.45201873779297,1.5640187377929688
IT1191A,IT,10.958,46.0825,3.289,3.8666458129882812,0.5776458129882811,3.694833755493164,0.4058337554931639,5.008831977844238,1.7198319778442381,4.5893330574035645,1.3003330574035643
IT1203A,IT,8.8486,45.5467,18.818,15.379398345947266,-3.4386016540527358,23.45565414428711,4.637654144287108,20.894451141357422,2.0764511413574205,20.93402099609375,2.1160209960937486
IT1204A,IT,12.2256,44.42,15.788,32.995994567871094,17.207994567871093,23.02057456970215,7.232574569702148,16.859453201293945,1.071453201293945,16.365158081054688,0.5771580810546872
IT1213A,IT,12.0619,45.0467,13.986,7.217006683349609,-6.768993316650391,19.951900482177734,5.965900482177734,15.683988571166992,1.6979885711669915,14.887749671936035,0.9017496719360345
IT1214A,IT,11.7911,45.0397,15.428,9.271321296691895,-6.156678703308106,19.421649932861328,3.9936499328613273,17.731361389160156,2.3033613891601554,16.273710250854492,0.8457102508544914
IT1222A,IT,12.5917,45.6303,21.745,9.020724296569824,-12.724275703430177,19.575149536132812,-2.1698504638671885,21.395185470581055,-0.3498145294189463,22.323795318603516,0.5787953186035146
IT1246A,IT,8.1876,45.569,13.835,6.791805267333984,-7.0431947326660165,13.98251724243164,0.14751724243163977,12.70211124420166,-1.1328887557983407,11.826194763183594,-2.008805236816407
IT1277A,IT,9.6944,40.575,8.954,1.234876275062561,-7.71912372493744,7.270217418670654,-1.6837825813293463,11.342769622802734,2.3887696228027337,12.276052474975586,3.3220524749755853
IT1288A,IT,9.5861,45.3086,16.096,14.977230072021484,-1.1187699279785157,15.845338821411133,-0.2506611785888673,19.235055923461914,3.139055923461914,19.945947647094727,3.8499476470947265
IT1294A,IT,8.7367,45.5258,16.6,16.43183135986328,-0.16816864013672017,20.749839782714844,4.149839782714842,20.637563705444336,4.0375637054443345,18.263607025146484,1.663607025146483
IT1328A,IT,12.3081,45.8906,17.07,7.860937595367432,-9.209062404632569,20.371915817260742,3.301915817260742,16.37218475341797,-0.6978152465820315,16.735769271850586,-0.33423072814941435
IT1365A,IT,12.6236,42.5819,12.526,5.250465393066406,-7.2755346069335936,8.43696403503418,-4.08903596496582,12.832618713378906,0.30661871337890645,14.612902641296387,2.086902641296387
IT1388A,IT,10.6919,45.4108,19.129,14.513677597045898,-4.615322402954103,14.684223175048828,-4.444776824951173,19.4317684173584,0.3027684173583971,26.108264923095703,6.979264923095702
IT1453A,IT,11.8419,45.3719,23.248,12.956666946411133,-10.291333053588868,28.94706916809082,5.699069168090819,27.752851486206055,4.504851486206054,30.869333267211914,7.621333267211913
IT1459A,IT,8.8345,45.5829,22.055,15.379398345947266,-6.675601654052734,23.45565414428711,1.4006541442871097,20.894451141357422,-1.1605488586425778,20.93402099609375,-1.1209790039062497
IT1463A,IT,9.6115,45.6206,17.955,23.581398010253906,5.626398010253908,29.185285568237305,11.230285568237306,27.55960464477539,9.604604644775392,26.16984748840332,8.214847488403322
IT1464A,IT,9.5564,45.4975,18.991,19.629751205444336,0.6387512054443363,14.451659202575684,-4.539340797424316,22.17012596130371,3.1791259613037113,22.341033935546875,3.3500339355468753
IT1486A,IT,14.3447,41.0844,17.513,16.840755462646484,-0.6722445373535173,17.958852767944336,0.44585276794433426,19.508365631103516,1.995365631103514,19.713300704956055,2.200300704956053
IT1509A,IT,8.7861,45.4097,19.15,23.345014572143555,4.195014572143556,38.72254180908203,19.572541809082033,22.74540138244629,3.5954013824462905,21.731252670288086,2.5812526702880874
IT1510A,IT,8.5655,45.9303,14.449,5.675501346588135,-8.773498653411865,17.992919921875,3.543919921875,14.342079162597656,-0.1069208374023436,14.669565200805664,0.22056520080566422
IT1519A,IT,8.1695,44.4122,8.705,2.4242727756500244,-6.280727224349976,9.488275527954102,0.7832755279541015,8.499873161315918,-0.2051268386840821,8.00088119506836,-0.7041188049316407
IT1523A,IT,8.2055,44.9089,18.926,9.303852081298828,-9.62214791870117,15.681947708129883,-3.2440522918701156,20.152732849121094,1.2267328491210954,20.899272918701172,1.9732729187011735
IT1524A,IT,8.0333,44.7037,16.84,5.957529067993164,-10.882470932006836,17.557342529296875,0.7173425292968751,17.516996383666992,0.6769963836669923,19.447853088378906,2.6078530883789064
IT1529A,IT,7.5382,44.3818,19.026,6.862706661224365,-12.163293338775635,15.730589866638184,-3.295410133361816,19.798412322998047,0.7724123229980471,19.273225784301758,0.247225784301758
IT1532A,IT,8.2835,45.7132,13.805,3.214437246322632,-10.590562753677368,14.632864952087402,0.8278649520874026,13.287907600402832,-0.5170923995971677,13.830291748046875,0.025291748046875284
IT1535A,IT,11.3114,45.1836,18.472,7.432436466217041,-11.03956353378296,19.119077682495117,0.6470776824951159,21.673770904541016,3.2017709045410143,19.68785858154297,1.2158585815429674
IT1548A,IT,9.8977,44.1831,3.825,8.202984809875488,4.377984809875488,3.802414655685425,-0.022585344314575373,4.538908958435059,0.7139089584350584,4.03712797164917,0.21212797164916974
IT1551A,IT,11.1928,43.7569,17.826,9.273889541625977,-8.552110458374024,23.457481384277344,5.631481384277343,18.8842716217041,1.058271621704101,19.908523559570312,2.082523559570312
IT1553A,IT,11.0069,43.9161,12.631,3.510788917541504,-9.120211082458496,15.051216125488281,2.420216125488281,12.58332633972168,-0.04767366027832054,11.208504676818848,-1.4224953231811526
IT1557A,IT,10.3217,43.52,12.05,16.238370895385742,4.1883708953857415,23.18918800354004,11.139188003540038,14.473464012145996,2.4234640121459954,13.815960884094238,1.7659608840942376
IT1571A,IT,10.9053,43.9408,15.633,5.3539652824401855,-10.279034717559814,17.257160186767578,1.624160186767579,15.377995491027832,-0.2550045089721671,15.247953414916992,-0.38504658508300693
IT1576A,IT,8.3861,39.2033,5.167,1.1273921728134155,-4.039607827186584,8.582852363586426,3.415852363586426,5.410226821899414,0.24322682189941425,4.363454341888428,-0.8035456581115721
IT1590A,IT,12.2386,45.6725,21.855,11.393038749694824,-10.461961250305176,29.646352767944336,7.7913527679443355,22.827152252197266,0.9721522521972652,21.265810012817383,-0.5891899871826176
IT1593A,IT,11.1192,42.7786,14.514,3.7454233169555664,-10.768576683044433,14.415401458740234,-0.09859854125976497,12.991132736206055,-1.5228672637939447,11.989981651306152,-2.524018348693847
IT1594A,IT,12.2169,46.1414,15.083,4.655338287353516,-10.427661712646485,17.765567779541016,2.6825677795410154,10.817708015441895,-4.265291984558106,13.991856575012207,-1.0911434249877932
IT1596A,IT,12.5103,45.8369,11.625,6.748080730438232,-4.876919269561768,13.767778396606445,2.1427783966064453,11.949380874633789,0.32438087463378906,10.310088157653809,-1.3149118423461914
IT1610A,IT,17.2253,40.4233,9.815,44.893558502197266,35.07855850219727,13.10878849029541,3.2937884902954107,11.060815811157227,1.245815811157227,10.328405380249023,0.5134053802490239
IT1619A,IT,11.9058,46.0308,9.355,5.527932643890381,-3.8270673561096196,10.52275562286377,1.167755622863769,10.194759368896484,0.839759368896484,10.621610641479492,1.2666106414794918
IT1624A,IT,16.8597,41.1006,20.588,18.771684646606445,-1.8163153533935557,26.5985164642334,6.0105164642333975,19.22400665283203,-1.3639933471679697,19.694372177124023,-0.8936278228759775
IT1644A,IT,10.4536,43.8689,6.838,5.345297813415527,-1.4927021865844727,8.332379341125488,1.4943793411254882,7.513950347900391,0.6759503479003905,6.89430570602417,0.056305706024169844
IT1646A,IT,9.7139,45.082,20.106,12.096855163574219,-8.009144836425783,20.057628631591797,-0.04837136840820477,22.075298309326172,1.9692983093261702,21.19550132751465,1.0895013275146468
IT1648A,IT,9.1258,45.7272,20.57,11.339761734008789,-9.230238265991211,28.297088623046875,7.727088623046875,21.870487213134766,1.3004872131347653,20.22551918029785,-0.3444808197021487
IT1650A,IT,9.0242,45.6269,24.583,17.180749893188477,-7.402250106811522,31.989639282226562,7.406639282226564,27.456987380981445,2.873987380981447,25.077058792114258,0.4940587921142594
IT1654A,IT,11.0919,43.8728,20.239,10.486754417419434,-9.752245582580567,25.988100051879883,5.749100051879882,22.482404708862305,2.243404708862304,19.62505340576172,-0.613946594238282
IT1662A,IT,9.7987,44.1236,6.538,3.477175235748291,-3.0608247642517092,9.354692459106445,2.816692459106445,7.114410400390625,0.5764104003906247,6.384354114532471,-0.15364588546752955
IT1663A,IT,17.8083,40.5656,8.553,2.339111328125,-6.213888671875001,9.522468566894531,0.9694685668945304,8.452260971069336,-0.10073902893066489,7.779436111450195,-0.7735638885498055
IT1670A,IT,12.2392,44.1392,18.826,6.281132221221924,-12.544867778778077,18.548810958862305,-0.2771890411376958,17.73874855041504,-1.0872514495849614,19.795291900634766,0.9692919006347651
IT1672A,IT,10.4303,44.2997,2.638,1.3601434230804443,-1.2778565769195556,2.828528881072998,0.19052888107299815,2.268953323364258,-0.3690466766357421,2.564368724822998,-0.07363127517700185
IT1681A,IT,11.9017,43.6603,1.703,1.4616574048995972,-0.2413425951004029,1.1979387998580933,-0.5050612001419068,1.3146259784698486,-0.38837402153015144,2.2320499420166016,0.5290499420166015
IT1692A,IT,9.2358,45.4783,26.376,29.373516082763672,2.9975160827636707,39.427711486816406,13.051711486816405,36.746646881103516,10.370646881103514,30.229110717773438,3.8531107177734363
IT1702A,IT,17.9436,40.6508,10.609,12.837531089782715,2.228531089782715,12.691216468811035,2.082216468811035,10.281659126281738,-0.3273408737182617,10.953850746154785,0.34485074615478517
IT1728A,IT,12.6517,42.5522,12.67,5.250465393066406,-7.419534606933594,8.43696403503418,-4.23303596496582,12.832618713378906,0.16261871337890632,14.612902641296387,1.9429026412963868
IT1734A,IT,9.3489,45.8408,17.249,8.775553703308105,-8.473446296691893,17.4980411529541,0.24904115295410278,16.7476806640625,-0.5013193359374988,17.318058013916016,0.06905801391601685
IT1735A,IT,9.0094,45.0003,18.323,7.579980850219727,-10.743019149780274,21.853378295898438,3.530378295898437,23.851694107055664,5.528694107055664,17.39106559753418,-0.9319344024658207
IT1739A,IT,10.0458,45.1422,22.538,9.480518341064453,-13.057481658935547,28.855979919433594,6.3179799194335935,22.36975860595703,-0.168241394042969,22.30101776123047,-0.2369822387695315
IT1771A,IT,10.9063,44.6506,20.577,12.131006240844727,-8.445993759155275,23.44333839416504,2.8663383941650373,21.68647575378418,1.109475753784178,23.95186424255371,3.374864242553709
IT1790A,IT,12.3608,46.1625,4.672,2.6593668460845947,-2.012633153915405,4.30432653427124,-0.3676734657287595,4.82694149017334,0.15494149017334014,4.680845737457275,0.008845737457275682
IT1791A,IT,11.5692,45.8483,2.337,1.7409746646881104,-0.5960253353118898,2.990492105484009,0.6534921054840086,3.117539405822754,0.7805394058227537,2.753143548965454,0.4161435489654539
IT1812A,IT,9.4969,45.9131,2.714,2.1513941287994385,-0.5626058712005615,6.135893821716309,3.4218938217163086,4.691434383392334,1.977434383392334,4.668275833129883,1.9542758331298828
IT1819A,IT,10.0972,44.0783,10.348,18.791263580322266,8.443263580322265,18.81606101989746,8.46806101989746,11.830811500549316,1.4828115005493157,11.846747398376465,1.498747398376464
IT1823A,IT,16.9197,40.9533,9.577,3.682670831680298,-5.894329168319702,10.662755012512207,1.085755012512207,9.704293251037598,0.1272932510375977,9.860819816589355,0.2838198165893555
IT1826A,IT,9.3958,45.8494,19.017,8.775553703308105,-10.241446296691894,17.4980411529541,-1.518958847045898,16.7476806640625,-2.2693193359374995,17.318058013916016,-1.6989419860839838
IT1836A,IT,12.4476,41.9064,28.215,13.610885620117188,-14.604114379882812,37.84804916381836,9.63304916381836,30.823413848876953,2.6084138488769533,30.460960388183594,2.245960388183594
IT1848A,IT,11.0378,45.59,5.401,2.550798177719116,-2.8502018222808836,8.30207347869873,2.9010734786987307,3.9522056579589844,-1.4487943420410154,6.109786510467529,0.7087865104675295
IT1860A,IT,12.7372,42.7397,17.53,3.0313451290130615,-14.49865487098694,20.789308547973633,3.2593085479736317,34.99332809448242,17.46332809448242,25.036081314086914,7.506081314086913
IT1865A,IT,11.0708,44.9969,12.757,6.749155521392822,-6.007844478607177,10.934557914733887,-1.822442085266113,14.821635246276855,2.064635246276856,13.104312896728516,0.34731289672851595
IT1868A,IT,10.7956,45.1606,17.976,10.023499488830566,-7.952500511169433,16.49588394165039,-1.4801160583496085,21.01068115234375,3.034681152343751,20.64316749572754,2.66716749572754
IT1870A,IT,11.6431,45.29,11.055,9.058028221130371,-1.9969717788696286,12.864371299743652,1.8093712997436526,10.161503791809082,-0.8934962081909177,11.276061058044434,0.22106105804443388
IT1873A,IT,8.75,45.6167,19.972,24.362106323242188,4.390106323242186,28.873485565185547,8.901485565185546,23.15361213684082,3.181612136840819,20.9865779876709,1.0145779876708971
IT1876A,IT,9.4667,45.6833,14.808,14.467692375183105,-0.34030762481689436,22.314041137695312,7.506041137695313,21.121631622314453,6.313631622314453,18.71806526184082,3.9100652618408205
IT1877A,IT,7.6259,45.0419,26.311,30.9141845703125,4.6031845703125,37.6742057800293,11.363205780029297,28.562665939331055,2.2516659393310547,28.880504608154297,2.569504608154297
IT1878A,IT,8.4024,45.3189,15.446,13.08350944519043,-2.36249055480957,17.47493553161621,2.028935531616211,14.42647647857666,-1.0195235214233396,17.14459800720215,1.6985980072021487
IT1888A,IT,13.1186,38.0502,16.501,3.0916638374328613,-13.40933616256714,30.00442123413086,13.503421234130858,18.959077835083008,2.4580778350830066,16.856689453125,0.3556894531249988
IT1902A,IT,12.4681,43.0669,8.183,4.588606834411621,-3.5943931655883787,6.727403163909912,-1.4555968360900877,5.568965911865234,-2.6140340881347655,6.423725128173828,-1.7592748718261717
IT1906A,IT,12.4754,41.894,29.851,20.397903442382812,-9.453096557617187,42.43353271484375,12.582532714843751,31.524837493896484,1.6738374938964853,33.51546859741211,3.6644685974121103
IT1910A,IT,10.3708,44.9261,14.752,7.173215389251709,-7.578784610748292,14.027109146118164,-0.7248908538818366,14.904345512390137,0.15234551239013605,15.385486602783203,0.6334866027832025
IT1911A,IT,10.2889,44.6575,9.364,3.904555082321167,-5.459444917678834,10.489446640014648,1.1254466400146477,10.485285758972168,1.1212857589721672,10.68313980102539,1.3191398010253899
IT1914A,IT,10.6639,44.8731,13.382,7.4100022315979,-5.971997768402099,12.823128700256348,-0.558871299743652,15.040101051330566,1.6581010513305667,17.184518814086914,3.8025188140869144
IT1915A,IT,12.6275,43.9328,8.129,4.1338958740234375,-3.995104125976562,8.398072242736816,0.26907224273681685,8.580437660217285,0.4514376602172856,8.11640739440918,-0.012592605590819872
IT1916A,IT,12.42,44.0131,7.813,5.071493625640869,-2.7415063743591306,7.753684043884277,-0.05931595611572238,8.444533348083496,0.6315333480834964,8.953482627868652,1.1404826278686526
IT1917A,IT,11.2997,44.7383,14.224,8.152546882629395,-6.071453117370606,15.982768058776855,1.7587680587768553,14.452425003051758,0.2284250030517576,13.003746032714844,-1.2202539672851564
IT1918A,IT,11.6497,44.825,11.912,12.7168550491333,0.8048550491333,19.819915771484375,7.907915771484374,16.227508544921875,4.315508544921874,14.10473918914795,2.1927391891479484
IT1919A,IT,11.9422,44.7417,10.413,11.107186317443848,0.6941863174438474,11.634180068969727,1.2211800689697263,12.800653457641602,2.3876534576416013,12.514650344848633,2.1016503448486326
IT1921A,IT,11.1779,44.9278,13.933,6.385986804962158,-7.547013195037842,9.41399097442627,-4.51900902557373,13.390485763549805,-0.5425142364501951,12.78749942779541,-1.1455005722045897
IT1924A,IT,10.0192,44.9894,12.166,8.736750602722168,-3.4292493972778324,14.107805252075195,1.941805252075195,15.333213806152344,3.1672138061523434,16.626752853393555,4.460752853393554
IT1928A,IT,12.3322,44.2839,10.205,6.8499064445495605,-3.3550935554504395,13.680971145629883,3.4759711456298827,11.682250022888184,1.4772500228881835,11.128144264221191,0.9231442642211913
IT1942A,IT,11.0942,42.6706,3.866,2.378765106201172,-1.4872348937988282,3.125748634338379,-0.7402513656616212,3.131442070007324,-0.7345579299926759,3.151683807373047,-0.7143161926269532
IT1947A,IT,9.0089,39.0667,9.92,40.069332122802734,30.149332122802733,12.802490234375,2.882490234375,8.32406997680664,-1.5959300231933593,8.395137786865234,-1.5248622131347656
IT1948A,IT,8.3103,44.808,10.784,5.9816999435424805,-4.80230005645752,11.197558403015137,0.413558403015136,9.95582103729248,-0.8281789627075202,11.746712684631348,0.962712684631347
IT1961A,IT,8.2559,46.3148,2.222,0.9503973722457886,-1.2716026277542114,5.614558696746826,3.392558696746826,4.041952610015869,1.8199526100158692,2.8604300022125244,0.6384300022125244
IT1964A,IT,9.6669,45.235,15.744,10.55447006225586,-5.18952993774414,24.449909210205078,8.705909210205078,22.98957061767578,7.2455706176757815,20.718259811401367,4.974259811401367
IT1965A,IT,9.4953,45.3028,20.766,15.3361234664917,-5.429876533508299,24.431583404541016,3.6655834045410174,23.87522315979004,3.109223159790041,24.2655029296875,3.4995029296875018
IT1967A,IT,9.8803,46.1686,16.91,4.8411712646484375,-12.068828735351563,21.255502700805664,4.345502700805664,17.466033935546875,0.5560339355468749,16.83393669128418,-0.07606330871582045
IT1975A,IT,9.6692,45.0383,13.684,8.840249061584473,-4.843750938415527,20.085302352905273,6.401302352905274,17.759368896484375,4.075368896484376,15.674847602844238,1.990847602844239
IT1993A,IT,9.1364,39.2606,6.304,13.529570579528809,7.225570579528808,16.02370262145996,9.71970262145996,9.52674388885498,3.22274388885498,7.542602062225342,1.2386020622253415
IT1996A,IT,8.7731,40.2564,4.008,1.5606982707977295,-2.4473017292022705,5.165952205657959,1.157952205657959,6.854273319244385,2.8462733192443848,5.71530294418335,1.7073029441833496
IT1997A,IT,15.2491,38.1906,10.24,4.642881870269775,-5.597118129730225,16.48306655883789,6.24306655883789,8.285505294799805,-1.9544947052001955,10.66144847869873,0.42144847869873026
IT2008A,IT,8.6053,39.8853,9.701,2.0951015949249268,-7.605898405075074,9.896018981933594,0.19501898193359324,8.49346923828125,-1.2075307617187505,8.848301887512207,-0.8526981124877935
IT2009A,IT,8.5761,40.7244,6.946,4.49373722076416,-2.4522627792358396,11.3358736038208,4.389873603820801,10.090991020202637,3.144991020202637,8.540325164794922,1.5943251647949221
IT2010A,IT,8.4053,40.8314,5.723,17.29153060913086,11.56853060913086,6.892734050750732,1.1697340507507326,8.125377655029297,2.402377655029297,6.732718467712402,1.0097184677124025
IT2012A,IT,12.3456,41.8748,14.804,9.843239784240723,-4.960760215759278,18.57562828063965,3.771628280639648,16.03452491760254,1.2305249176025388,17.612375259399414,2.808375259399414
IT2013A,IT,13.349,41.6396,20.984,7.144547939300537,-13.839452060699465,22.026302337646484,1.0423023376464826,24.151851654052734,3.1678516540527326,21.04932975769043,0.06532975769042793
IT2014A,IT,9.2861,46.0158,15.051,3.7284862995147705,-11.32251370048523,10.994787216186523,-4.056212783813477,14.241585731506348,-0.8094142684936525,17.45945930480957,2.40845930480957
IT2027A,IT,12.2247,43.9275,3.235,2.4391064643859863,-0.7958935356140135,2.1787848472595215,-1.0562151527404784,2.924724817276001,-0.3102751827239989,3.742910861968994,0.5079108619689943
IT2032A,IT,11.1419,43.4728,13.385,4.915404796600342,-8.469595203399658,14.507237434387207,1.1222374343872072,12.320502281188965,-1.064497718811035,13.717158317565918,0.3321583175659182
IT2040A,IT,9.1881,39.2328,9.384,13.529570579528809,4.145570579528808,16.02370262145996,6.639702621459961,9.52674388885498,0.14274388885498013,7.542602062225342,-1.8413979377746585
IT2058A,IT,16.8453,41.1347,17.451,18.771684646606445,1.3206846466064448,26.5985164642334,9.147516464233398,19.22400665283203,1.7730066528320307,19.694372177124023,2.243372177124023
IT2062A,IT,9.6147,45.6439,24.26,23.581398010253906,-0.6786019897460953,29.185285568237305,4.925285568237303,27.55960464477539,3.299604644775389,26.16984748840332,1.9098474884033187
IT2071A,IT,11.9022,45.6003,18.103,13.132792472839355,-4.970207527160646,19.927459716796875,1.8244597167968735,19.48998260498047,1.3869826049804672,18.497703552246094,0.3947035522460922
IT2072A,IT,11.5533,45.1039,14.455,7.477540969848633,-6.977459030151367,16.382892608642578,1.927892608642578,15.961441040039062,1.5064410400390624,14.259195327758789,-0.195804672241211
IT2073A,IT,10.7914,44.5394,14.746,7.313808917999268,-7.432191082000733,17.33016014099121,2.5841601409912105,16.502864837646484,1.756864837646484,15.455805778503418,0.7098057785034175
IT2074A,IT,9.3669,44.7347,2.934,1.942085862159729,-0.9919141378402712,2.8387279510498047,-0.09527204895019548,2.995612144470215,0.06161214447021468,2.2264227867126465,-0.7075772132873537
IT2075A,IT,11.2861,44.5,15.679,9.05327320098877,-6.625726799011231,17.9935302734375,2.3145302734374997,14.66912841796875,-1.0098715820312503,16.479766845703125,0.8007668457031247
IT2079A,IT,8.8458,45.3044,15.823,13.232880592346191,-2.590119407653809,21.880422592163086,6.0574225921630855,19.161706924438477,3.338706924438476,15.931724548339844,0.10872454833984335
IT2096A,IT,11.342,46.4992,22.754,8.757643699645996,-13.996356300354005,22.40505599975586,-0.34894400024414196,21.70952033996582,-1.044479660034181,23.334060668945312,0.5800606689453112
IT2097A,IT,10.9261,44.15,2.178,2.823585271835327,0.6455852718353272,3.050166130065918,0.872166130065918,3.1005172729492188,0.9225172729492188,2.854217052459717,0.6762170524597169
IT2100A,IT,12.2058,43.1331,9.881,3.2564961910247803,-6.62450380897522,8.902884483337402,-0.9781155166625979,9.788870811462402,-0.09212918853759788,9.57851505279541,-0.30248494720459007
IT2101A,IT,7.8375,45.0028,19.104,11.07254409790039,-8.031455902099609,16.04892349243164,-3.0550765075683586,17.655790328979492,-1.448209671020507,19.998950958251953,0.8949509582519539
IT2105A,IT,12.2458,43.4569,11.567,3.006901502609253,-8.560098497390747,13.024264335632324,1.457264335632324,11.167349815368652,-0.3996501846313478,11.165431022644043,-0.4015689773559572
IT2109A,IT,12.4197,42.5519,7.384,3.5611684322357178,-3.8228315677642826,7.5568528175354,0.17285281753540005,7.711277484893799,0.3272774848937985,7.730854511260986,0.346854511260986
IT2117A,IT,7.7116,45.1763,20.276,21.788497924804688,1.5124979248046877,25.458391189575195,5.1823911895751955,22.093978881835938,1.8179788818359377,20.02961540222168,-0.2463845977783201
IT2128A,IT,8.2921,46.1276,19.462,3.0758419036865234,-16.386158096313476,11.449090957641602,-8.012909042358398,17.18401527404785,-2.277984725952148,16.181411743164062,-3.2805882568359372
IT2132A,IT,13.5011,45.8364,9.694,6.257517337799072,-3.4364826622009286,17.517887115478516,7.823887115478515,11.179939270019531,1.4859392700195304,11.591663360595703,1.8976633605957023
IT2141A,IT,15.3867,41.6308,12.698,4.509922504425049,-8.188077495574952,6.5966291427612305,-6.10137085723877,14.061138153076172,1.3631381530761715,13.473466873168945,0.7754668731689449
IT2151A,IT,18.0472,40.4894,8.28,4.153144836425781,-4.126855163574218,9.79134464263916,1.5113446426391608,8.512823104858398,0.23282310485839908,7.786518096923828,-0.49348190307617124
IT2153A,IT,11.0978,43.7931,12.642,8.383376121520996,-4.258623878479003,19.32716178894043,6.68516178894043,13.500859260559082,0.8588592605590826,14.005454063415527,1.3634540634155279
IT2154A,IT,10.5242,42.9319,11.116,12.922874450683594,1.806874450683594,19.602510452270508,8.486510452270508,10.825044631958008,-0.29095536804199185,10.904887199401855,-0.2111128005981442
IT2158A,IT,12.4017,43.9081,4.251,2.853956699371338,-1.3970433006286624,5.262704849243164,1.0117048492431637,4.819139003753662,0.5681390037536618,3.9748685359954834,-0.27613146400451694
IT2170A,IT,13.2622,45.8108,13.816,7.851646900177002,-5.964353099822999,6.989264011383057,-6.826735988616944,12.092583656311035,-1.7234163436889656,10.178044319152832,-3.6379556808471687
IT2175A,IT,12.4132,42.3018,11.105,6.270273685455322,-4.834726314544678,8.224041938781738,-2.880958061218262,11.850464820861816,0.745464820861816,11.777621269226074,0.6726212692260738
IT2183A,IT,10.3327,43.5689,15.244,16.238370895385742,0.9943708953857424,23.18918800354004,7.945188003540039,14.473464012145996,-0.7705359878540037,13.815960884094238,-1.4280391159057615
IT2206A,IT,14.345,37.0225,4.538,2.8087706565856934,-1.729229343414307,3.5523500442504883,-0.985649955749512,3.3557541370391846,-1.1822458629608157,5.149755477905273,0.6117554779052732
IT2213A,IT,14.7024,40.711,21.395,7.265858173370361,-14.129141826629638,12.469988822937012,-8.925011177062988,21.0476131439209,-0.34738685607910114,19.399147033691406,-1.9958529663085933
IT2233A,IT,7.3043,45.7344,18.153,5.593170166015625,-12.559829833984374,22.479034423828125,4.326034423828126,16.72972297668457,-1.4232770233154284,17.504722595214844,-0.6482774047851549
IT2239A,IT,10.5599,44.0055,9.125,2.0991768836975098,-7.02582311630249,9.446484565734863,0.3214845657348633,9.717578887939453,0.5925788879394531,10.066603660583496,0.9416036605834961
LT00002,LT,25.2108,54.6861,12.952,12.617866516113281,-0.3341334838867187,11.940186500549316,-1.0118134994506836,11.677539825439453,-1.2744601745605468,14.325233459472656,1.3732334594726563
LT00012,LT,24.3656,55.725,15.387,4.738940715789795,-10.648059284210206,10.833003997802734,-4.553996002197266,10.717726707458496,-4.669273292541504,12.518560409545898,-2.868439590454102
LT00044,LT,23.8358,54.8836,8.493,8.099594116210938,-0.3934058837890628,7.5469441413879395,-0.9460558586120609,7.979426860809326,-0.5135731391906742,8.607828140258789,0.11482814025878874
LT00051,LT,26.0042,55.4633,0.208,1.68779718875885,1.4797971887588501,1.2124403715133667,1.0044403715133667,0.31703683733940125,0.10903683733940125,0.25712648034095764,0.04912648034095765
LU0101A,LU,6.1376,49.5977,15.598,5.364582061767578,-10.233417938232423,6.014352321624756,-9.583647678375245,6.919306755065918,-8.678693244934083,7.459622859954834,-8.138377140045167
LU0102A,LU,5.9769,49.505,13.57,5.859829902648926,-7.7101700973510745,6.626552104949951,-6.943447895050049,10.421906471252441,-3.148093528747559,10.88886547088623,-2.68113452911377
LU0103A,LU,6.1783,49.9358,4.26,3.3886067867279053,-0.8713932132720945,3.5858099460601807,-0.6741900539398191,3.8761041164398193,-0.38389588356018045,3.8748137950897217,-0.3851862049102781
LU0104A,LU,5.8471,49.7318,6.093,3.4994256496429443,-2.5935743503570556,5.277055740356445,-0.8159442596435547,6.742221832275391,0.6492218322753907,6.242630958557129,0.14963095855712893
LU0105A,LU,6.3053,49.7223,4.934,4.139429569244385,-0.7945704307556154,4.077670574188232,-0.8563294258117677,4.718392372131348,-0.2156076278686525,4.6639404296875,-0.27005957031250016
LV0010R,LV,21.1733,56.1624,1.597,1.7085845470428467,0.1115845470428467,2.0404698848724365,0.44346988487243655,2.304598808288574,0.7075988082885742,1.9983950853347778,0.40139508533477786
NL00003,NL,4.9438,52.3893,14.677,31.366214752197266,16.689214752197266,19.562641143798828,4.8856411437988285,16.888282775878906,2.2112827758789066,15.96600341796875,1.2890034179687504
NL00014,NL,4.8662,52.3597,15.276,32.87921905517578,17.60321905517578,20.83222770690918,5.55622770690918,16.347566604614258,1.071566604614258,15.474541664123535,0.19854166412353536
NL00019,NL,4.9044,52.3721,18.223,31.366214752197266,13.143214752197267,19.562641143798828,1.3396411437988291,16.888282775878906,-1.3347172241210927,15.96600341796875,-2.256996582031249
NL00021,NL,4.9884,52.3207,13.152,31.366214752197266,18.214214752197265,19.562641143798828,6.410641143798829,16.888282775878906,3.736282775878907,15.96600341796875,2.8140034179687508
NL00022,NL,4.7933,52.3668,14.381,25.430862426757812,11.049862426757812,19.433324813842773,5.052324813842773,15.363336563110352,0.9823365631103513,15.834982872009277,1.4539828720092771
NL00107,NL,6.0424,51.1192,9.683,9.73632526397705,0.05332526397705095,11.055749893188477,1.3727498931884767,11.866998672485352,2.1839986724853517,10.589991569519043,0.9069915695190431
NL00131,NL,5.8531,51.5405,10.341,9.657722473144531,-0.683277526855468,12.462273597717285,2.121273597717286,13.320895195007324,2.979895195007325,11.823392868041992,1.4823928680419929
NL00133,NL,5.8817,50.9023,7.615,11.358490943908691,3.743490943908691,8.860502243041992,1.245502243041992,9.80102825164795,2.186028251647949,8.481425285339355,0.8664252853393553
NL00138,NL,5.9869,50.9003,9.556,10.051633834838867,0.495633834838868,11.187472343444824,1.631472343444825,12.03101921081543,2.4750192108154305,10.610658645629883,1.0546586456298837
NL00230,NL,5.1485,51.5184,11.353,12.725996017456055,1.372996017456055,14.361139297485352,3.008139297485352,13.544466972351074,2.1914669723510745,11.829780578613281,0.4767805786132815
NL00235,NL,4.3598,51.4344,11.199,17.210098266601562,6.011098266601563,13.240716934204102,2.0417169342041017,13.487699508666992,2.2886995086669923,12.081178665161133,0.882178665161133
NL00246,NL,4.5153,51.6537,11.17,17.435758590698242,6.265758590698242,14.806449890136719,3.636449890136719,13.663722038269043,2.493722038269043,12.22373104095459,1.05373104095459
NL00247,NL,5.3933,51.4074,10.515,11.670210838317871,1.1552108383178705,14.546954154968262,4.031954154968261,13.39708423614502,2.882084236145019,11.62739372253418,1.1123937225341791
NL00301,NL,3.9166,51.6347,9.668,12.773003578186035,3.105003578186036,11.63697624206543,1.9689762420654304,11.75059700012207,2.082597000122071,10.905488014221191,1.2374880142211921
NL00318,NL,3.7494,51.2945,9.82,12.433465957641602,2.6134659576416013,12.40467357635498,2.58467357635498,11.785968780517578,1.9659687805175778,10.953529357910156,1.133529357910156
NL00404,NL,4.2892,52.0771,17.88,20.00185203552246,2.121852035522462,17.305864334106445,-0.5741356658935537,17.640594482421875,-0.239405517578124,15.174564361572266,-2.7054356384277334
NL00418,NL,4.48,51.9142,20.077,23.799880981445312,3.7228809814453108,25.028718948364258,4.951718948364256,25.075563430786133,4.998563430786131,22.2608642578125,2.1838642578124983
NL00437,NL,4.4505,51.7866,11.701,14.199442863464355,2.498442863464355,14.326184272766113,2.6251842727661128,14.009696006774902,2.308696006774902,11.924403190612793,0.22340319061279246
NL00442,NL,4.7082,51.8007,13.674,19.368274688720703,5.694274688720704,18.288969039916992,4.614969039916993,16.348722457885742,2.6747224578857427,15.069510459899902,1.3955104598999029
NL00444,NL,4.5108,52.2966,9.495,13.515838623046875,4.020838623046876,11.260141372680664,1.7651413726806648,11.366549491882324,1.871549491882325,9.755430221557617,0.26043022155761797
NL00446,NL,4.3594,52.039,17.027,21.886343002319336,4.859343002319335,19.983112335205078,2.956112335205077,18.881397247314453,1.854397247314452,17.56290626525879,0.535906265258788
NL00485,NL,4.3552,51.8674,18.764,24.436126708984375,5.672126708984376,22.58870506286621,3.8247050628662116,21.946462631225586,3.1824626312255866,19.14099884033203,0.3769988403320319
NL00488,NL,4.4876,51.8936,17.79,23.095836639404297,5.305836639404298,21.79648208618164,4.0064820861816415,19.53689193725586,1.7468919372558602,18.298664093017578,0.508664093017579
NL00494,NL,4.4014,51.9214,22.587,23.799880981445312,1.2128809814453128,25.028718948364258,2.441718948364258,25.075563430786133,2.488563430786133,22.2608642578125,-0.32613574218749974
NL00495,NL,4.228,51.932,23.872,23.47891616821289,-0.39308383178710926,24.19977378845215,0.32777378845214855,25.87285804748535,2.0008580474853517,23.99964714050293,0.1276471405029298
NL00538,NL,5.049,52.8034,10.085,7.1832051277160645,-2.9017948722839364,9.144232749938965,-0.940767250061036,9.970417976379395,-0.11458202362060632,9.344279289245605,-0.7407207107543954
NL00561,NL,4.7735,52.3336,19.69,25.430862426757812,5.740862426757811,19.433324813842773,-0.25667518615722784,15.363336563110352,-4.32666343688965,15.834982872009277,-3.855017127990724
NL00564,NL,4.715,52.3275,15.886,25.430862426757812,9.544862426757813,19.433324813842773,3.547324813842774,15.363336563110352,-0.5226634368896477,15.834982872009277,-0.05101712799072189
NL00565,NL,4.7707,52.2799,15.786,18.315881729125977,2.529881729125977,17.768722534179688,1.982722534179688,20.019474029541016,4.233474029541016,15.59805679321289,-0.18794320678710896
NL00633,NL,4.8382,52.1379,9.615,13.223142623901367,3.608142623901367,11.535408973693848,1.9204089736938474,10.42289924621582,0.8078992462158201,9.89527702331543,0.2802770233154295
NL00643,NL,5.1282,52.1013,12.751,15.161202430725098,2.410202430725098,16.256593704223633,3.5055937042236334,14.013145446777344,1.2621454467773443,13.45162296295166,0.7006229629516607
NL00644,NL,4.9233,51.9745,10.781,15.566614151000977,4.785614151000976,13.072033882141113,2.2910338821411127,11.983417510986328,1.2024175109863275,11.349504470825195,0.5685044708251947
NL00701,NL,4.8167,52.448,15.434,21.25934410095215,5.825344100952149,17.862428665161133,2.4284286651611335,17.823780059814453,2.389780059814454,16.050939559936523,0.6169395599365242
NL00703,NL,4.7286,52.3986,12.853,25.430862426757812,12.577862426757813,19.433324813842773,6.580324813842774,15.363336563110352,2.510336563110352,15.834982872009277,2.9819828720092776
NL00722,NL,6.6054,52.0917,8.607,8.567423820495605,-0.03957617950439385,9.330164909362793,0.7231649093627937,10.246962547302246,1.6399625473022468,9.620869636535645,1.0138696365356452
NL00738,NL,5.7084,52.1116,8.811,10.139716148376465,1.328716148376465,10.88351058959961,2.0725105895996094,10.891045570373535,2.080045570373535,9.738261222839355,0.9272612228393555
NL00742,NL,5.8569,51.8382,14.272,18.056791305541992,3.784791305541992,16.395076751708984,2.123076751708984,14.620983123779297,0.34898312377929663,14.235418319702148,-0.036581680297851804
NL00818,NL,6.0176,52.6542,6.885,8.462628364562988,1.5776283645629885,8.082110404968262,1.197110404968262,8.010950088500977,1.1259500885009768,7.483998775482178,0.598998775482178
NL00918,NL,5.5735,52.9169,6.068,7.1247639656066895,1.0567639656066898,7.521245002746582,1.4532450027465824,6.782925128936768,0.714925128936768,5.982773780822754,-0.08522621917724571
NL00929,NL,6.9327,52.8757,6.116,6.451111793518066,0.33511179351806675,7.538915634155273,1.4229156341552738,8.571203231811523,2.455203231811524,7.1185526847839355,1.0025526847839359
NL00934,NL,6.2769,53.3304,5.19,5.379226207733154,0.1892262077331539,6.120847225189209,0.9308472251892086,6.238149166107178,1.0481491661071773,5.216860771179199,0.026860771179198828
NL00938,NL,6.609,53.2465,6.399,8.050466537475586,1.651466537475586,7.979933261871338,1.5809332618713379,7.573393821716309,1.1743938217163086,6.802707195281982,0.4037071952819824
NO0002R,NO,8.2519,58.3885,0.763,1.4849050045013428,0.7219050045013428,0.8460985422134399,0.08309854221343993,0.8297023773193359,0.06670237731933593,0.8119606971740723,0.048960697174072254
NO0056R,NO,11.0741,60.3729,0.997,2.5673294067382812,1.5703294067382814,1.6361311674118042,0.6391311674118042,1.3391119241714478,0.34211192417144776,1.2360632419586182,0.23906324195861817
NO0062A,NO,9.4871,59.2024,3.127,1.7374529838562012,-1.3895470161437986,2.2437732219696045,-0.8832267780303953,3.6207151412963867,0.49371514129638694,3.4810359477996826,0.35403594779968284
NO0075A,NO,10.4656,61.1209,9.422,2.511185884475708,-6.910814115524293,10.749772071838379,1.3277720718383783,8.391923904418945,-1.0300760955810553,9.545164108276367,0.12316410827636659
PL0002R,PL,21.9724,51.8144,7.638,3.446908473968506,-4.191091526031494,6.116536617279053,-1.5214633827209472,6.773983955383301,-0.8640160446166991,7.702670097351074,0.06467009735107432
PL0004R,PL,17.5345,54.7541,3.653,2.7448770999908447,-0.9081229000091553,4.199732780456543,0.5467327804565429,4.062255859375,0.409255859375,3.8471314907073975,0.19413149070739744
PL0005R,PL,22.0381,54.1248,2.917,2.3423244953155518,-0.5746755046844481,3.507713556289673,0.590713556289673,3.7942404747009277,0.8772404747009279,3.3751847743988037,0.4581847743988039
PL0008A,PL,18.975,50.2646,23.805,13.258209228515625,-10.546790771484375,36.34910202026367,12.544102020263672,25.510910034179688,1.7059100341796878,23.009294509887695,-0.7957054901123044
PL0014A,PL,20.7919,51.8352,8.378,3.8997929096221924,-4.478207090377808,9.027297973632812,0.6492979736328124,6.529224395751953,-1.848775604248047,6.173013687133789,-2.204986312866211
PL0028A,PL,15.3122,50.9125,3.696,3.1506073474884033,-0.5453926525115969,5.960334300994873,2.264334300994873,3.986828088760376,0.2908280887603758,3.8730621337890625,0.17706213378906233
PL0031A,PL,18.2689,52.2257,11.237,5.05465841293335,-6.1823415870666505,12.07147216796875,0.8344721679687499,13.074201583862305,1.8372015838623046,13.014223098754883,1.7772230987548827
PL0047A,PL,18.6573,54.4008,15.616,11.511422157287598,-4.104577842712402,16.183950424194336,0.5679504241943363,17.790897369384766,2.174897369384766,17.428606033325195,1.8126060333251957
PL0048A,PL,18.4933,54.5608,11.62,8.350163459777832,-3.269836540222167,17.53237533569336,5.91237533569336,12.329288482666016,0.7092884826660164,12.835216522216797,1.2152165222167977
PL0052A,PL,18.6198,54.3801,15.544,24.87139320373535,9.327393203735351,20.38062286376953,4.836622863769531,19.0535831451416,3.509583145141601,16.803447723388672,1.2594477233886714
PL0064A,PL,17.9957,53.1341,15.196,7.389094352722168,-7.806905647277832,25.705198287963867,10.509198287963867,20.886890411376953,5.690890411376953,17.329086303710938,2.1330863037109378
PL0068A,PL,18.6843,53.0806,7.354,6.795930862426758,-0.5580691375732423,12.641557693481445,5.287557693481445,8.906773567199707,1.552773567199707,7.75979471206665,0.4057947120666503
PL0077A,PL,17.934,53.6621,4.519,2.871407985687256,-1.6475920143127443,3.9999210834503174,-0.5190789165496827,4.588291168212891,0.0692911682128905,4.988071441650391,0.4690714416503905
PL0091A,PL,23.2902,50.7166,11.569,4.52169132232666,-7.047308677673341,12.860060691833496,1.2910606918334953,12.43492603302002,0.8659260330200187,14.033302307128906,2.4643023071289054
PL0105A,PL,19.5176,51.2912,8.569,5.348719120025635,-3.220280879974366,9.587667465209961,1.01866746520996,8.619426727294922,0.05042672729492104,8.773832321166992,0.20483232116699135
PL0115A,PL,19.4212,51.8567,13.068,7.127531051635742,-5.940468948364257,20.946897506713867,7.878897506713868,13.94157886505127,0.8735788650512699,13.324098587036133,0.2560985870361332
PL0121A,PL,21.1168,49.6337,3.941,4.167563438415527,0.2265634384155275,4.950621128082275,1.0096211280822756,4.373204231262207,0.4322042312622072,4.172757148742676,0.23175714874267594
PL0126A,PL,19.9601,49.2936,17.369,2.245267629623413,-15.123732370376587,18.946550369262695,1.5775503692626955,16.492074966430664,-0.8769250335693357,16.62639045715332,-0.7426095428466795
PL0128A,PL,20.4547,52.2859,6.822,4.851991653442383,-1.9700083465576173,8.963741302490234,2.1417413024902343,5.614241123199463,-1.2077588768005372,7.236156463623047,0.4141564636230468
PL0129A,PL,20.9559,52.4076,11.973,7.257920265197754,-4.715079734802247,17.232688903808594,5.259688903808593,15.017081260681152,3.0440812606811516,14.074042320251465,2.101042320251464
PL0134A,PL,20.8375,52.1917,19.16,11.007694244384766,-8.152305755615235,26.036222457885742,6.876222457885742,19.969234466552734,0.8092344665527342,18.466537475585938,-0.6934625244140626
PL0136A,PL,19.7098,52.5509,12.117,7.03726053237915,-5.0797394676208505,13.503279685974121,1.3862796859741202,11.280380249023438,-0.8366197509765634,13.984793663024902,1.8677936630249015
PL0143A,PL,21.0425,52.2909,18.587,14.383556365966797,-4.203443634033203,34.35919189453125,15.77219189453125,24.7481632232666,6.161163223266602,20.63886260986328,2.0518626098632815
PL0150A,PL,23.6422,53.2155,2.741,2.4618899822235107,-0.27911001777648936,4.00446891784668,1.2634689178466796,2.7857909202575684,0.044790920257568256,2.776033878326416,0.03503387832641591
PL0175A,PL,20.4861,53.7892,10.56,4.944102764129639,-5.615897235870362,14.769499778747559,4.209499778747558,12.291367530822754,1.7313675308227534,10.29699993133545,-0.2630000686645513
PL0182A,PL,14.3822,53.1223,5.238,3.242774248123169,-1.9952257518768315,3.2126643657684326,-2.025335634231568,5.624291896820068,0.3862918968200679,5.015627384185791,-0.22237261581420942
PL0184A,PL,19.1301,50.8364,13.2,8.618671417236328,-4.581328582763671,20.002281188964844,6.8022811889648445,14.907861709594727,1.7078617095947273,14.001944541931152,0.801944541931153
PL0190A,PL,16.1805,51.2045,14.187,5.259294509887695,-8.927705490112304,18.593101501464844,4.406101501464844,16.558021545410156,2.371021545410157,15.636845588684082,1.4498455886840826
PL0192A,PL,16.2697,50.7687,10.973,4.743504047393799,-6.229495952606202,16.83626937866211,5.863269378662109,11.65961742401123,0.6866174240112297,10.601509094238281,-0.3714909057617195
PL0193A,PL,17.1411,51.1159,10.734,7.8873186111450195,-2.8466813888549805,17.47853660583496,6.744536605834961,13.315194129943848,2.5811941299438477,10.951683044433594,0.21768304443359376
PL0194A,PL,17.0293,51.1294,16.736,10.392082214355469,-6.343917785644532,26.95757484436035,10.221574844360351,20.35000228881836,3.6140022888183587,15.278853416442871,-1.4571465835571296
PL0209A,PL,15.2287,52.7382,17.44,5.086602210998535,-12.353397789001466,16.755760192871094,-0.6842398071289075,17.3421688079834,-0.09783119201660284,15.301427841186523,-2.138572158813478
PL0211A,PL,15.2067,52.1722,3.68,3.2920827865600586,-0.38791721343994157,4.164318084716797,0.4843180847167967,4.219922065734863,0.5399220657348631,3.3218417167663574,-0.35815828323364274
PL0212A,PL,16.3175,51.7997,10.567,3.712343454360962,-6.854656545639038,10.691764831542969,0.12476483154296858,12.047157287597656,1.480157287597656,11.912116050720215,1.3451160507202147
PL0218A,PL,18.2366,50.3496,13.227,6.564320087432861,-6.662679912567139,8.528433799743652,-4.698566200256348,10.853721618652344,-2.3732783813476566,12.385644912719727,-0.8413550872802738
PL0239A,PL,18.5161,50.1112,19.752,7.16939640045166,-12.582603599548339,18.10017204284668,-1.6518279571533192,18.436538696289062,-1.3154613037109364,19.74191665649414,-0.010083343505858267
PL0240A,PL,18.9902,50.0999,17.784,7.1930389404296875,-10.590961059570311,18.34869384765625,0.5646938476562511,16.7011661529541,-1.0828338470458974,17.298261642456055,-0.48573835754394423
PL0241A,PL,18.4555,50.0076,15.535,8.700456619262695,-6.834543380737305,20.248592376708984,4.713592376708984,15.89178466796875,0.35678466796874986,15.660293579101562,0.12529357910156236
PL0243A,PL,19.4588,50.7109,6.369,4.576045036315918,-1.7929549636840818,8.967982292175293,2.598982292175293,7.075013160705566,0.7060131607055666,6.237770080566406,-0.13122991943359352
PL0247A,PL,17.7732,52.5013,6.861,3.8474233150482178,-3.013576684951782,6.358001708984375,-0.5029982910156248,6.319934844970703,-0.5410651550292966,7.078071117401123,0.21707111740112328
PL0248A,PL,14.6633,53.381,9.853,5.5373921394348145,-4.315607860565185,11.827008247375488,1.9740082473754885,12.472135543823242,2.6191355438232424,10.552491188049316,0.6994911880493166
PL0273A,PL,19.8304,49.971,15.594,7.886204719543457,-7.707795280456542,19.842275619506836,4.2482756195068365,15.928424835205078,0.3344248352050787,16.841678619384766,1.2476786193847662
PL0276A,PL,22.1125,50.5299,8.541,4.289653778076172,-4.2513462219238285,11.779489517211914,3.2384895172119137,8.630170822143555,0.08917082214355432,8.48394775390625,-0.05705224609375037
PL0294A,PL,19.2344,49.6716,12.836,4.081953048706055,-8.754046951293946,13.764045715332031,0.928045715332031,12.595048904418945,-0.24095109558105499,13.031877517700195,0.19587751770019501
PL0295A,PL,19.4109,54.1678,9.482,4.4499640464782715,-5.032035953521728,11.561192512512207,2.0791925125122077,10.431129455566406,0.9491294555664069,9.984782218933105,0.5027822189331062
PL0317A,PL,17.2913,50.9421,12.347,5.049469947814941,-7.297530052185058,16.254150390625,3.9071503906250005,12.695991516113281,0.3489915161132817,11.965723037719727,-0.38127696228027297
PL0495A,PL,22.0106,50.0242,12.76,7.032670497894287,-5.727329502105713,21.874052047729492,9.114052047729492,14.298434257507324,1.5384342575073244,12.471634864807129,-0.2883651351928709
PL0501A,PL,19.9492,50.0106,24.739,17.33780288696289,-7.40119711303711,39.56520080566406,14.826200805664062,35.31679153442383,10.577791534423827,24.933753967285156,0.19475396728515548
PL0502A,PL,21.0042,50.0202,14.949,7.195335388183594,-7.753664611816406,17.587400436401367,2.6384004364013673,13.5380277633667,-1.4109722366333006,17.11150550842285,2.1625055084228517
PL0503A,PL,18.0491,51.748,12.331,5.917326927185059,-6.413673072814941,9.815960884094238,-2.5150391159057612,13.557546615600586,1.2265466156005864,13.380228042602539,1.0492280426025395
PL0504A,PL,16.6537,50.4335,11.49,4.785776138305664,-6.704223861694336,15.077688217163086,3.5876882171630857,10.64035701751709,-0.8496429824829104,10.860618591308594,-0.6293814086914065
PL0505A,PL,15.4317,51.3176,5.266,3.4657673835754395,-1.8002326164245606,6.373742580413818,1.1077425804138183,5.837923049926758,0.5719230499267578,5.422284126281738,0.15628412628173827
PL0509A,PL,19.697,51.4044,15.226,6.289979457855225,-8.936020542144776,15.842103004455566,0.6161030044555655,15.471070289611816,0.24507028961181554,14.3932523727417,-0.8327476272583016
PL0518A,PL,21.4546,49.7449,10.837,5.991822242736816,-4.845177757263183,9.642840385437012,-1.194159614562988,7.462127208709717,-3.374872791290283,9.166828155517578,-1.6701718444824216
PL0529A,PL,19.1844,50.286,17.526,13.453847885131836,-4.072152114868164,28.97993278503418,11.45393278503418,20.100257873535156,2.5742578735351564,16.301414489746094,-1.224585510253906
PL0543A,PL,19.451,51.7754,17.061,10.817329406738281,-6.243670593261719,28.422399520874023,11.361399520874023,20.7672176361084,3.7062176361083985,18.027673721313477,0.9666737213134766
PL0563A,PL,20.5335,50.8231,14.631,7.344609260559082,-7.286390739440918,16.309446334838867,1.678446334838867,15.304570198059082,0.6735701980590818,14.561055183410645,-0.0699448165893557
PL0568A,PL,18.8267,49.7197,10.088,5.070184230804443,-5.017815769195556,10.34665298461914,0.25865298461914144,9.457571983337402,-0.6304280166625968,9.951313018798828,-0.13668698120117106
PL0573A,PL,17.0742,52.2767,9.481,4.84332275390625,-4.63767724609375,11.937689781188965,2.456689781188965,10.141767501831055,0.6607675018310548,9.99070930480957,0.5097093048095704
PL0585A,PL,15.7656,50.9134,8.672,4.873669624328613,-3.7983303756713873,12.221715927124023,3.549715927124023,10.761161804199219,2.089161804199218,9.647051811218262,0.9750518112182611
PL0591A,PL,15.1278,51.6427,12.183,4.7509684562683105,-7.432031543731689,12.195932388305664,0.012932388305664233,10.27918529510498,-1.9038147048950194,12.159547805786133,-0.023452194213867017
PL0594A,PL,22.7562,49.7843,9.454,4.219691753387451,-5.2343082466125495,13.9441556930542,4.490155693054199,9.991227149963379,0.5372271499633783,9.686277389526367,0.23227738952636656
PT01042,PT,-8.4569,41.5694,9.978,7.789447784423828,-2.1885522155761716,10.501289367675781,0.5232893676757815,9.383179664611816,-0.5948203353881834,12.035767555236816,2.0577675552368166
PT02004,PT,-8.5672,40.7586,8.575,9.53368854522705,0.9586885452270515,11.7051420211792,3.1301420211792,9.614007949829102,1.0390079498291023,7.883139610290527,-0.691860389709472
PT02019,PT,-8.8917,39.9239,2.643,5.030529975891113,2.3875299758911135,4.751896858215332,2.1088968582153322,3.124615430831909,0.4816154308319094,2.708909749984741,0.06590974998474142
PT02020,PT,-7.3019,40.2331,2.844,2.1538946628570557,-0.6901053371429442,5.400533676147461,2.556533676147461,2.1562447547912598,-0.6877552452087401,1.2645453214645386,-1.5794546785354613
PT02022,PT,-8.6767,40.1828,3.238,3.748436450958252,0.510436450958252,8.90079116821289,5.662791168212891,5.247563362121582,2.009563362121582,3.8899388313293457,0.6519388313293457
PT03071,PT,-9.1081,38.7689,19.853,24.33489990234375,4.4818999023437485,29.404939651489258,9.551939651489256,22.853008270263672,3.0000082702636703,21.700145721435547,1.8471457214355453
PT03083,PT,-9.1578,38.6636,15.358,32.55699920654297,17.198999206542968,24.409942626953125,9.051942626953124,19.436893463134766,4.078893463134765,18.971193313598633,3.6131933135986323
PT03087,PT,-9.2103,38.705,15.774,9.093855857849121,-6.680144142150878,18.248117446899414,2.474117446899415,16.681331634521484,0.9073316345214852,16.99106788635254,1.21706788635254
PT03089,PT,-9.3472,38.785,10.371,5.918572902679443,-4.452427097320557,10.077933311462402,-0.2930666885375981,12.357368469238281,1.9863684692382808,12.347081184387207,1.9760811843872066
PT03093,PT,-8.8942,38.5292,8.315,14.33726978302002,6.02226978302002,17.910799026489258,9.595799026489258,15.912668228149414,7.597668228149415,15.975902557373047,7.660902557373047
PT03095,PT,-9.0669,38.6586,12.795,10.480974197387695,-2.3140258026123046,16.40462875366211,3.6096287536621094,11.994215965270996,-0.8007840347290038,12.57241153717041,-0.22258846282958977
PT03096,PT,-8.4661,39.3525,3.306,3.9942030906677246,0.6882030906677246,4.93544864654541,1.62944864654541,4.197824478149414,0.891824478149414,3.817375659942627,0.5113756599426269
PT03101,PT,-9.0403,38.8961,15.031,6.080181121826172,-8.950818878173829,14.285737991333008,-0.7452620086669928,15.175278663635254,0.14427866363525332,15.200202941894531,0.16920294189453067
PT05007,PT,-7.9267,37.015,9.591,6.273890495300293,-3.3171095046997063,10.434202194213867,0.8432021942138679,8.235143661499023,-1.3558563385009759,9.548839569091797,-0.04216043090820243
SE0001A,SE,13.002,55.6064,7.203,7.130345344543457,-0.07265465545654326,9.180241584777832,1.9772415847778317,7.609883785247803,0.40688378524780244,7.558002471923828,0.35500247192382783
SE0004A,SE,11.9702,57.709,10.305,10.246038436889648,-0.05896156311035128,13.976160049438477,3.671160049438477,10.531991004943848,0.22699100494384794,11.60883617401123,1.3038361740112308
SE0005R,SE,15.3197,63.8455,0.312,0.46114102005958557,0.14914102005958557,0.31055474281311035,-0.001445257186889648,0.30186471343040466,-0.010135286569595336,0.28337085247039795,-0.02862914752960205
SE0014R,SE,11.9142,57.3936,2.721,3.4110443592071533,0.6900443592071532,2.7966835498809814,0.07568354988098136,2.9412031173706055,0.22020311737060538,2.8397598266601562,0.11875982666015616
SE0022A,SE,18.0578,59.316,7.169,16.683034896850586,9.514034896850585,8.916194915771484,1.7471949157714848,7.477519512176514,0.3085195121765141,7.176035404205322,0.007035404205322671
SE0053A,SE,12.6913,56.0473,10.06,17.47003746032715,7.410037460327148,15.348140716552734,5.288140716552734,11.270130157470703,1.2101301574707026,11.444103240966797,1.3841032409667964
SE0054A,SE,13.2008,55.7008,5.192,4.364527702331543,-0.8274722976684572,7.324624538421631,2.1326245384216307,6.149172306060791,0.9571723060607908,6.0767316818237305,0.8847316818237303
SE0066A,SE,18.6313,59.8324,1.877,1.9606165885925293,0.0836165885925293,1.991555094718933,0.1145550947189331,2.5618906021118164,0.6848906021118164,2.481452703475952,0.6044527034759521
SE09346,SE,12.0151,57.658,10.795,7.578556537628174,-3.216443462371826,13.365954399108887,2.570954399108887,11.675874710083008,0.8808747100830079,12.006125450134277,1.2111254501342774
TR0002A,TR,32.5852,39.972,52.406,8.666390419006348,-43.73960958099365,20.692768096923828,-31.71323190307617,45.01348876953125,-7.392511230468749,56.70696258544922,4.30096258544922
TR0010A,TR,32.8229,39.9183,63.657,22.822628021240234,-40.83437197875976,34.083892822265625,-29.57310717773437,60.96574401855469,-2.691255981445309,67.33385467529297,3.6768546752929723
TR0011A,TR,32.7957,39.9677,48.507,19.52472686767578,-28.982273132324217,25.081165313720703,-23.425834686279295,42.971031188964844,-5.535968811035154,48.432552337646484,-0.07444766235351352
TR0054A,TR,29.01,41.0539,57.117,47.919498443603516,-9.197501556396482,60.65182113647461,3.534821136474612,31.137725830078125,-25.979274169921872,38.4310417175293,-18.6859582824707
TR100241,TR,27.975,40.3479,27.984,6.037988662719727,-21.946011337280275,14.174511909484863,-13.809488090515138,34.467864990234375,6.483864990234373,35.463653564453125,7.479653564453123
TR100313,TR,27.9786,40.4897,1.334,3.684108018875122,2.350108018875122,6.047877311706543,4.713877311706543,8.282695770263672,6.948695770263672,6.788221836090088,5.454221836090088
TR110241,TR,30.0529,39.904,32.721,4.365260124206543,-28.355739875793454,20.248525619506836,-12.47247438049316,24.953571319580078,-7.767428680419918,19.081737518310547,-13.63926248168945
TR160341,TR,29.5002,40.0809,32.082,5.447033882141113,-26.634966117858887,21.486324310302734,-10.595675689697266,35.86668014526367,3.784680145263671,30.57392692565918,-1.508073074340821
TR160512,TR,29.0459,40.1957,36.622,12.992026329040527,-23.629973670959473,30.156517028808594,-6.465482971191406,40.07776641845703,3.4557664184570314,32.14082717895508,-4.481172821044922
TR170313,TR,26.7706,40.4031,7.754,14.53620719909668,6.78220719909668,12.022315979003906,4.268315979003907,8.069576263427734,0.3155762634277348,13.463541984558105,5.709541984558106
TR220213,TR,26.5373,41.6591,9.878,5.296512603759766,-4.5814873962402345,6.285885810852051,-3.5921141891479493,7.935954570770264,-1.9420454292297364,7.718120574951172,-2.1598794250488282
TR220341,TR,26.6353,40.8512,9.03,4.55031681060791,-4.479683189392089,21.066984176635742,12.036984176635743,9.806537628173828,0.7765376281738288,11.344122886657715,2.3141228866577155
TR340341,TR,28.9748,41.0923,46.371,35.293731689453125,-11.077268310546877,29.400054931640625,-16.970945068359377,33.54193878173828,-12.829061218261721,38.26116180419922,-8.109838195800783
TR340411,TR,29.059,41.0746,29.369,47.919498443603516,18.550498443603516,60.65182113647461,31.28282113647461,31.137725830078125,1.7687258300781252,38.4310417175293,9.062041717529297
TR340611,TR,28.2555,41.0732,12.703,4.882777214050293,-7.820222785949706,17.15321159362793,4.45021159362793,12.211007118225098,-0.49199288177490175,14.403518676757812,1.700518676757813
TR340741,TR,29.2688,40.9845,20.928,12.136114120483398,-8.791885879516602,15.399724960327148,-5.528275039672852,18.063735961914062,-2.8642640380859383,26.24686050415039,5.31886050415039
TR340841,TR,28.872,41.102,39.087,8.56739616394043,-30.519603836059574,24.159332275390625,-14.927667724609378,16.291547775268555,-22.79545222473145,20.378997802734375,-18.70800219726563
TR340913,TR,29.5634,41.1705,4.903,3.6134934425354004,-1.2895065574645992,4.998222351074219,0.09522235107421917,3.944241523742676,-0.9587584762573238,6.055546283721924,1.1525462837219242
TR390441,TR,27.3459,41.3984,13.515,11.277034759521484,-2.237965240478516,14.658263206481934,1.143263206481933,13.60405445098877,0.08905445098876896,14.574627876281738,1.0596278762817377
TR410641,TR,30.0077,40.771,31.511,7.551753044128418,-23.95924695587158,22.71052360534668,-8.80047639465332,18.274991989135742,-13.236008010864257,20.855161666870117,-10.655838333129882
TR410741,TR,29.7946,40.726,24.23,23.0465087890625,-1.1834912109375004,34.17063903808594,9.940639038085937,20.605276107788086,-3.6247238922119145,28.106109619140625,3.8761096191406246
TR410913,TR,30.0066,41.1307,3.814,2.0547890663146973,-1.7592109336853028,4.609382152557373,0.795382152557373,4.131017208099365,0.3170172080993652,4.156291961669922,0.3422919616699218
TR770212,TR,29.5079,40.7006,23.007,29.863887786865234,6.856887786865233,19.5446834564209,-3.462316543579103,22.948078155517578,-0.058921844482423325,23.977388381958008,0.9703883819580064
TR770313,TR,28.7846,40.5294,7.684,8.676562309265137,0.9925623092651366,9.527971267700195,1.8439712677001951,3.491299629211426,-4.192700370788574,8.220418930053711,0.5364189300537108
