p,k,RMSE,MAE,MBE,R2
0.1,2,2.8986260266960913,2.0729577679964417,-0.460472180627347,0.7963233172532238
0.1,3,2.8456666384463474,2.0918663228576087,-0.3833947687682923,0.8036978830814312
0.1,4,2.705830860158016,2.079536825672813,-0.2904792126909611,0.8225163998621902
0.1,5,2.696726849432641,2.0044633253045823,-0.3688983073290932,0.823708709662293
0.1,6,2.7362348467510023,2.004894163698824,-0.3072520750726155,0.8185054128869558
0.1,7,2.834640922446894,2.013977610012603,-0.2005609581772139,0.8052161061683443
0.1,8,2.921983791470881,2.065797445744693,-0.2365918759523895,0.7930275486942172
0.1,9,2.9136730501669965,2.0893204997903174,-0.2190941174648109,0.7942032214328242
0.1,10,2.8900961443495508,2.05148978464176,-0.2224454973801396,0.7975202856537573
0.1,11,2.7672791646130173,1.9914528444404271,-0.1181575298079396,0.8143637081352582
0.1,12,2.7846656982253006,2.0216331837427988,-0.1207060445167151,0.8120237122853652
0.1,13,2.7872163103193306,2.026371900060254,-0.1427038353970014,0.811679201149865
0.1,14,2.811150659453024,2.043159596519848,-0.1813618244711969,0.8084310223840365
0.1,15,2.839990991233029,2.0676380116036155,-0.2332999320704786,0.804480146525067
0.1,16,2.8674763513985204,2.079305100119705,-0.2567494772242361,0.8006773612311335
0.1,17,2.946357700550283,2.124150979056059,-0.2817688043321898,0.7895602001213459
0.1,18,2.936567189533764,2.124375404960508,-0.2945737027569579,0.7909564257396252
0.1,19,2.9758507363570073,2.157074139301968,-0.3038787962204026,0.7853261099278206
0.1,20,2.979654997664284,2.182003290669532,-0.3373922032406776,0.7847768904568082
0.1,21,2.9907590423745205,2.1910646527377065,-0.3369650018817023,0.7831697916081725
0.1,22,3.0194304918314496,2.2095550664683694,-0.3620955390740765,0.7789925003706769
0.1,23,3.0588845292771785,2.235454291412234,-0.3692125843308282,0.7731790817786939
0.1,24,3.06950641402348,2.227165051146942,-0.3824081839745193,0.771601089095649
0.1,25,3.0840575834483217,2.228716974009427,-0.399437572879816,0.7694304803059943
0.1,26,3.112351530173574,2.2444536172416427,-0.4218908287248099,0.7651804644165062
0.1,27,3.1066024693954373,2.2239104426107588,-0.4175633580801621,0.7660471691783151
0.1,28,3.1277331586274895,2.247513010986578,-0.4229081679026333,0.7628537143296608
0.1,29,3.137019448692904,2.2557024528244285,-0.4422570247336754,0.7614434415972486
0.1,30,3.16746741123022,2.2757244885144425,-0.4602240454021468,0.7567901001724582
0.1,31,3.1632029926334777,2.2734960034815668,-0.4575121550807121,0.7574445351004802
0.1,32,3.1832477302797346,2.294566215269465,-0.4604933588103578,0.7543607207366156
0.1,33,3.191614114022824,2.3026775773487276,-0.4603510226828401,0.7530678190676943
0.1,34,3.2189967335330203,2.317857129287942,-0.4609478194458597,0.7488125076944144
0.1,35,3.2416475707414056,2.325211589635152,-0.4608937315933464,0.7452650516057507
0.1,36,3.252265610516453,2.3303758154372445,-0.4788843385180769,0.7435935462815904
0.1,37,3.265326562798648,2.341895053899085,-0.4934781887634841,0.7415299774347868
0.1,38,3.2865142440692803,2.351526773497712,-0.5130422340727457,0.7381648330247741
0.1,39,3.282745010994825,2.3535855022323897,-0.5135655807017229,0.7387650749593586
0.1,40,3.298337782332488,2.352567908837599,-0.5242527215839753,0.7362774918293703
0.2,2,2.9003565261887823,2.070769503947509,-0.4615445167361512,0.7960800519239641
0.2,3,2.825814902752622,2.0791125507684303,-0.3877559994791275,0.8064271872942332
0.2,4,2.679688039860767,2.053429879942218,-0.3009262210664554,0.825929404907119
0.2,5,2.671086089231999,1.986623957338879,-0.375080508604343,0.8270451641737214
0.2,6,2.70890870087533,1.986538644783023,-0.3178818422938097,0.8221124005258607
0.2,7,2.7958790564069047,1.988720170942693,-0.2182474743650357,0.810506769403305
0.2,8,2.869137528239007,2.040276613142151,-0.2511855698620979,0.8004463524836957
0.2,9,2.868232174432502,2.0632545769046327,-0.2319949770552524,0.8005722705674414
0.2,10,2.845023744666406,2.0296977389365147,-0.2335129312789777,0.8037865703173309
0.2,11,2.7216033883163124,1.9663236323472593,-0.1334839581920892,0.8204412339707345
0.2,12,2.7386811163201026,1.9935257571777685,-0.1344386712455603,0.8181807454679821
0.2,13,2.745443935920645,2.003470201450733,-0.1542804031820906,0.8172816783998315
0.2,14,2.771411167653496,2.018825029964081,-0.1905717572857741,0.8138089232057605
0.2,15,2.7983151369324077,2.042879468715783,-0.2393065362774048,0.8101764104234567
0.2,16,2.82389970602799,2.054425764543388,-0.2606017945446652,0.8066894864174576
0.2,17,2.898511663859337,2.0925744175760204,-0.2843384757906492,0.7963393887184639
0.2,18,2.8920179414991876,2.0941544092572144,-0.2967238976608218,0.797250914467037
0.2,19,2.9309678639055528,2.127219457715771,-0.305563280391863,0.7917528571057378
0.2,20,2.9369102457920175,2.152285449081507,-0.3371746807454197,0.7909075810235703
0.2,21,2.9483423050943443,2.159970380647084,-0.3368325373169685,0.789276609001573
0.2,22,2.977253244585692,2.177935566348894,-0.3603984654938947,0.7851237121105763
0.2,23,3.0152992998615633,2.2045599277860832,-0.3679738459603817,0.7795968526213017
0.2,24,3.0258888112187936,2.1973070058912794,-0.3809135799240801,0.7780460546729793
0.2,25,3.0405983993289425,2.1992724136194424,-0.3969235591683293,0.7758828643242088
0.2,26,3.068300175067626,2.2168109415898716,-0.4181116027875987,0.7717805638995051
0.2,27,3.0637803894493176,2.198181480951202,-0.4143118049628819,0.7724524298410523
0.2,28,3.084841087192293,2.2199088503852775,-0.4196898766296223,0.7693133132140473
0.2,29,3.0950366874090514,2.2287066108855345,-0.4379212965699795,0.7677859243432279
0.2,30,3.125186674155284,2.247933354501297,-0.4550135047642444,0.7632397085761796
0.2,31,3.122263920439039,2.246565733270324,-0.4524512126170633,0.7636823499346029
0.2,32,3.142189434807001,2.2671366116191938,-0.4553321562647799,0.7606564841576444
0.2,33,3.1508035909849768,2.2753196844370005,-0.455361833061945,0.7593423886515106
0.2,34,3.1775823009560153,2.2906218043216575,-0.4562747755612827,0.7552343024918852
0.2,35,3.1998418397071933,2.2984670056118284,-0.4567557310458853,0.7517930352485462
0.2,36,3.2108370525077268,2.3032717211326754,-0.4737876485250787,0.7500843400417017
0.2,37,3.224226706552514,2.3142206615746037,-0.4879613718666337,0.7479956252196548
0.2,38,3.2446816657131397,2.3245909257778066,-0.5066551788238588,0.7447879783204439
0.2,39,3.2421762624586012,2.32731219116372,-0.5071087810456033,0.7451819535904547
0.2,40,3.257960890405906,2.3269943067013523,-0.5174800636622977,0.7426947358404178
0.3,2,2.903968343545396,2.070569913717054,-0.4623797306907973,0.7955718521928111
0.3,3,2.8098226733029055,2.0667682370912814,-0.3921496759526574,0.8086119738095826
0.3,4,2.65787727065652,2.0275347716295653,-0.3116094841344426,0.8287514966142351
0.3,5,2.6490564727943955,1.9684548834315632,-0.3821320901589301,0.829886268254813
0.3,6,2.684561916663261,1.9681384564264603,-0.329311799849614,0.8252956220443111
0.3,7,2.7596483594510905,1.9682207589565712,-0.236849292138658,0.8153860851397444
0.3,8,2.817220385001529,2.0131409980276027,-0.267316416431536,0.8076028729438249
0.3,9,2.8227710442415943,2.034842852089236,-0.2465829733496645,0.8068439809891879
0.3,10,2.799081648216777,2.0055359742235175,-0.2463796050983761,0.8100724036592509
0.3,11,2.674771637600109,1.945778386282832,-0.1504361464198888,0.826567550832179
0.3,12,2.69137455117364,1.962668521220704,-0.1499483983133947,0.8244077995259671
0.3,13,2.70172150007533,1.978000393244812,-0.1677771558791132,0.823055081125012
0.3,14,2.729450124709559,1.994277220180115,-0.2018487663303587,0.8194043588671577
0.3,15,2.7542237394378186,2.0181076962597753,-0.2474537408188689,0.8161111601677484
0.3,16,2.777681416477492,2.029044295036721,-0.2666617700707969,0.8129654647730976
0.3,17,2.847732010866785,2.0618008398216396,-0.2891024998591811,0.8034128292349464
0.3,18,2.84433060935459,2.0643873750593924,-0.3010177203531026,0.8038821659269135
0.3,19,2.882740637817472,2.097319206076609,-0.3093535467663698,0.7985496255416809
0.3,20,2.8907488433487476,2.1204072893214407,-0.3389935505974196,0.7974288193331792
0.3,21,2.902366766852471,2.1266672642883684,-0.3387101748886194,0.7957972796310295
0.3,22,2.9314335183080096,2.1440861713167614,-0.3607052140903073,0.7916866817626506
0.3,23,2.9679495281132486,2.1701598248118072,-0.3686555017784685,0.7864645617417464
0.3,24,2.9784108083803127,2.1646669733503097,-0.3812601470643501,0.7849565907105703
0.3,25,2.993125031141153,2.1665620867475637,-0.3962166750751038,0.7828265872548998
0.3,26,3.020258736852243,2.1855973095192827,-0.4161062487729804,0.7788712367965255
0.3,27,3.017001890824741,2.169240441036109,-0.4127918210954421,0.779347880752139
0.3,28,3.037925117977137,2.1887743214193915,-0.4181665628232784,0.7762767767751743
0.3,29,3.048994811101375,2.198081487901317,-0.4352345711516632,0.7746433859622528
0.3,30,3.0788007231269257,2.216706218823608,-0.4514280292318464,0.7702158344843373
0.3,31,3.0771095101253483,2.216218088795981,-0.4489723847675952,0.7704682101777556
0.3,32,3.0969590122549295,2.236037571908893,-0.4517199577851314,0.7674973788047998
0.3,33,3.105766829119882,2.2442685724390876,-0.4518759471879135,0.7661730134833149
0.3,34,3.131812876330772,2.2597598978436535,-0.4530603333816905,0.7622346583983128
0.3,35,3.1536052156864844,2.2680767529165102,-0.4540554446577712,0.7589142235531208
0.3,36,3.1649170259462545,2.2725738897180805,-0.4700944192749326,0.7571815985845681
0.3,37,3.1786681298441732,2.2833596964786222,-0.4838104124743608,0.7550669934817708
0.3,38,3.1983919152765616,2.294082995412027,-0.5015875576293354,0.7520179212427127
0.3,39,3.197132445729306,2.2974936947117004,-0.5019252643400647,0.7522131846066524
0.3,40,3.2130748912207103,2.297878676603196,-0.5119483171567072,0.749735854070213
0.4,2,2.90899754174436,2.07058648008779,-0.4628880991780028,0.7948631668285546
0.4,3,2.7977238472426333,2.0554971903666974,-0.3963658340629571,0.8102566221705639
0.4,4,2.6409325918501136,2.008173276539637,-0.3223179469825286,0.8309280464487236
0.4,5,2.63157297663517,1.9503781275364436,-0.3898184965899692,0.8321243240744115
0.4,6,2.664180280643872,1.9528464044064453,-0.3413618672005139,0.827938320712168
0.4,7,2.7272225422207805,1.9476238309753713,-0.2561472351831069,0.8196990171378531
0.4,8,2.7681516514942124,1.984146616281962,-0.2847843839108893,0.8142466322983458
0.4,9,2.778904466523904,2.0041587247179486,-0.2627352534595176,0.8128007209280785
0.4,10,2.753805749036367,1.9788062689087331,-0.2609910337272634,0.8161669711291669
0.4,11,2.6282530247468427,1.9233163136041111,-0.1689734089388578,0.8325476356124072
0.4,12,2.6440271144448477,1.937774719668981,-0.1672355556378555,0.8305315929299777
0.4,13,2.6571428847235845,1.9498797897511224,-0.1832328904782227,0.8288461173244395
0.4,14,2.686206841439579,1.9670216270614975,-0.215264840441012,0.8250814615136384
0.4,15,2.7085559706328968,1.9906340956898392,-0.2578543018545803,0.8221587234240302
0.4,16,2.7295624274817727,2.0025416825699085,-0.2750850625937311,0.8193894974060872
0.4,17,2.7946923245732,2.0337861594963043,-0.2962539124687725,0.8106675989091473
0.4,18,2.794086252350342,2.034203416151119,-0.3076684779969741,0.8107497093193848
0.4,19,2.8316673990924106,2.0652258940510166,-0.315493442245121,0.805624546381592
0.4,20,2.8415790237745657,2.08812150384159,-0.3431261277448566,0.8042614284380146
0.4,21,2.8531819632460462,2.09185455081842,-0.3428924650618103,0.8026596572919806
0.4,22,2.882247958826968,2.1072807709988832,-0.3633352812175955,0.7986184779972632
0.4,23,2.9170749876329714,2.1332760285711996,-0.3715811315291583,0.7937223737370339
0.4,24,2.927275786388594,2.128321501933863,-0.3837857793224186,0.7922771756031002
0.4,25,2.9417922088654547,2.1305227982212163,-0.3976692331644351,0.7902118635555672
0.4,26,2.968346128500296,2.1504252658377396,-0.4162392001890031,0.7864074894128484
0.4,27,2.9663538744934153,2.1363771498553454,-0.4133748982067206,0.786694105404216
0.4,28,2.987036031157553,2.153962242176262,-0.4187155725725272,0.7837092926724332
0.4,29,2.998904379842466,2.1636743762172244,-0.4345858410280611,0.7819871083769591
0.4,30,3.028291083715676,2.183561429493406,-0.4498647774016761,0.7776934934622272
0.4,31,3.0276780787187683,2.1832264675956328,-0.447479780841778,0.7777834856081478
0.4,32,3.0474771019248834,2.203555783405762,-0.4500643038162543,0.774867683277652
0.4,33,3.056407379823633,2.210452888828537,-0.4503063914624107,0.7735463017907055
0.4,34,3.081572471371208,2.2257169732346997,-0.4517220945763791,0.7698019132163043
0.4,35,3.102791923756737,2.2336007875675854,-0.4532052935356237,0.7666207483215954
0.4,36,3.114326918581726,2.237833598829859,-0.4682197846391664,0.7648822930895003
0.4,37,3.1284429322447287,2.2487661424104965,-0.4814426714270531,0.7627460713391438
0.4,38,3.14742758861798,2.259539265816451,-0.498261768512572,0.759857828841346
0.4,39,3.147364002794731,2.2636559968892955,-0.4984409594923203,0.7598675316751541
0.4,40,3.1634074334594784,2.264792759487071,-0.5080853451600333,0.7574131809052684
0.5,2,2.914971851231217,2.0715345545974126,-0.463008058990131,0.7940197082905454
0.5,3,2.7892839584370908,2.0451213626103795,-0.400210091751183,0.8113996924718606
0.5,4,2.62908644316261,1.9911673750341143,-0.3328196330198447,0.8324414205639957
0.5,5,2.619329177072624,1.941204482873767,-0.3978588077982051,0.8336828250384402
0.5,6,2.64864753633868,1.946660292962013,-0.3537840032655959,0.8299387853210157
0.5,7,2.6998746098988575,1.9335445426893407,-0.2758303861854455,0.823296916660866
0.5,8,2.72411516761675,1.9539254653379745,-0.3032678075892099,0.8201096499389826
0.5,9,2.7385808313511997,1.9717837689015076,-0.2802003017924013,0.8181940609316458
0.5,10,2.711174480581608,1.9509294796449603,-0.2771596643927715,0.821814699334534
0.5,11,2.5840176284793284,1.8982068513341863,-0.188933717677948,0.838136889264157
0.5,12,2.5984311031437524,1.9115560438629,-0.1861763960192055,0.8363261303087464
0.5,13,2.6133417603703983,1.9191654297732288,-0.2005601591541295,0.8344423111688114
0.5,14,2.6431555487823957,1.9372744238992872,-0.230761020493515,0.8306433001810891
0.5,15,2.6627017150346277,1.960434502373299,-0.2704911077896369,0.8281292491481056
0.5,16,2.6808484700950603,1.9732221851042189,-0.2858998344204597,0.825778610847909
0.5,17,2.7406451750735927,2.0028946506865197,-0.3058640648797179,0.8179198667949357
0.5,18,2.7424259134344253,2.004560976108977,-0.3167730349575509,0.8176831762392518
0.5,19,2.7787985153544907,2.0316325889294244,-0.32411835264117,0.8128149953334531
0.5,20,2.790333504596335,2.0526487576207493,-0.3497515317265141,0.8112577334798966
0.5,21,2.801655471377107,2.055766223495689,-0.3495801818372963,0.8097229570493801
0.5,22,2.8304730052205356,2.070733594770536,-0.3685192252470276,0.8057884864602444
0.5,23,2.8634101040280235,2.0971705408187415,-0.3769912239907192,0.8012422624836704
0.5,24,2.873175328259461,2.093427101740949,-0.3887519057982038,0.7998842848279468
0.5,25,2.8872377624024597,2.091389406761635,-0.4015639827565161,0.797920603238069
0.5,26,2.913142433555036,2.110975001532771,-0.4188117471401666,0.7942781709856676
0.5,27,2.912363097822327,2.1002394232500476,-0.4163721076624939,0.7943882273460573
0.5,28,2.9326544704374133,2.1181138399422483,-0.421657724298134,0.7915131192003337
0.5,29,2.9451906194932964,2.128651492683816,-0.4363154840180372,0.7897268816221623
0.5,30,2.974041189881357,2.1478752647692003,-0.4506771987473091,0.7855871070732248
0.5,31,2.974303489647407,2.149245510232144,-0.448338989994024,0.7855492845091343
0.5,32,2.9940422100376973,2.16743605782165,-0.450739606209212,0.7826934706044042
0.5,33,3.003001404576731,2.1743105580297137,-0.4510371096197249,0.7813910144491287
0.5,34,3.0271152809317856,2.1898379212983747,-0.452654154036105,0.7778660910474708
0.5,35,3.047622248816775,2.1963646268277763,-0.4545963131197552,0.7748462373188285
0.5,36,3.059244900871448,2.2011329564599715,-0.4685635609875997,0.7731256344320723
0.5,37,3.073685336695315,2.2127737923574515,-0.4812644169986703,0.770978766822903
0.5,38,3.091902693251978,2.2233707147680017,-0.4970950392156291,0.7682559601914676
0.5,39,3.092941812258041,2.2278009169294446,-0.4970826061232538,0.7681001660895472
0.5,40,3.108998623404235,2.230267192147636,-0.5063243055459686,0.7656861296103668
0.6000000000000001,2,2.921463741838163,2.07293353031974,-0.4627072048417313,0.7931012153375219
0.6000000000000001,3,2.7840552316455622,2.0357356745798123,-0.4035271099334029,0.8121061212173621
0.6000000000000001,4,2.6222243343658778,1.975816347354204,-0.342889852775388,0.8333149594823306
0.6000000000000001,5,2.6126323516417966,1.9386051903566996,-0.4059516414242932,0.8345321824059386
0.6000000000000001,6,2.638569693216618,1.944358574635156,-0.3662827104413618,0.8312304556572829
0.6000000000000001,7,2.678665395144777,1.9250246135804885,-0.2955155884378153,0.8260622400762552
0.6000000000000001,8,2.687252203451735,1.9244476896937828,-0.3223359608913206,0.8249452927182706
0.6000000000000001,9,2.703851293825318,1.93970274529598,-0.2986004671901974,0.8227759963103652
0.6000000000000001,10,2.673420871295345,1.9221082512441212,-0.2945566055172455,0.8267426742352855
0.6000000000000001,11,2.5443908644679865,1.8726037934817945,-0.2100237092386733,0.8430632720900977
0.6000000000000001,12,2.556798594263014,1.8843115560608423,-0.2065058414913151,0.8415289352278092
0.6000000000000001,13,2.5724457255029463,1.8913064608092625,-0.2195216351471274,0.8395833733422474
0.6000000000000001,14,2.6022951900905764,1.9057644980004689,-0.2481187961863955,0.8358389745661695
0.6000000000000001,15,2.6186233183172667,1.928051901275004,-0.2851830594288765,0.8337724515100586
0.6000000000000001,16,2.6334639278939966,1.9411780186542729,-0.298965775582933,0.8318829788595381
0.6000000000000001,17,2.6875084268044804,1.9693586704399744,-0.3178337770392023,0.8249119089947209
0.6000000000000001,18,2.691153931209778,1.9718562279429035,-0.3282601012130218,0.8244365859742336
0.6000000000000001,19,2.725860337256524,1.999196746131512,-0.3351972628575027,0.8198790871920673
0.6000000000000001,20,2.738607599811467,2.0154886903834246,-0.3588884981661092,0.8181905067631616
0.6000000000000001,21,2.749324688488794,2.017360028544318,-0.3588157167836773,0.8167647596306831
0.6000000000000001,22,2.777548385072958,2.0323445751884615,-0.3763310613694062,0.8129833796217526
0.6000000000000001,23,2.8083564879603142,2.0577073181043506,-0.3849749110752776,0.808811656949155
0.6000000000000001,24,2.817470413777706,2.055318052321726,-0.3962729805040338,0.8075687208745518
0.6000000000000001,25,2.8307738685232793,2.053589947635105,-0.4080428994701947,0.8057471970907746
0.6000000000000001,26,2.855883969554564,2.0722493887873146,-0.423990148388575,0.802285711753951
0.6000000000000001,27,2.856192590830892,2.0641262129120492,-0.4219615747079949,0.8022429774316611
0.6000000000000001,28,2.8758919974008914,2.080360058388101,-0.4271838105014168,0.7995056756980411
0.6000000000000001,29,2.8888984219704885,2.0898210680042277,-0.4406415140372494,0.7976880753889601
0.6000000000000001,30,2.9170432662772603,2.108336169771539,-0.4541007377112686,0.7937268599915238
0.6000000000000001,31,2.917928790342728,2.111307046003944,-0.4518022566683358,0.7936016046985461
0.6000000000000001,32,2.9375425288238457,2.1273378008180743,-0.4540126492452754,0.790817540941505
0.6000000000000001,33,2.9464111677662563,2.134147149183314,-0.4543477118498589,0.78955256239812
0.6000000000000001,34,2.969282720579764,2.1499706430793983,-0.4561513403246023,0.7862726799227255
0.6000000000000001,35,2.9889025252164525,2.1575375708153124,-0.4585231715216468,0.7834389032652362
0.6000000000000001,36,3.0004283412872934,2.162120676766748,-0.4714362375446466,0.7817654756620107
0.6000000000000001,37,3.0150942634899653,2.172925987697335,-0.4835975049934278,0.7796268258482889
0.6000000000000001,38,3.032483731284977,2.1834951305807127,-0.4984267940353191,0.7770775037711656
0.6000000000000001,39,3.0344803256702946,2.1885611549786814,-0.4982061167199137,0.7767838617492773
0.6000000000000001,40,3.0504245610828233,2.1915647467119643,-0.5070326442630733,0.7744319856947048
0.7000000000000001,2,2.928124747356071,2.073925017387763,-0.4619795365071458,0.7921566716568265
0.7000000000000001,3,2.781465560080644,2.0270662959086465,-0.4062139998612148,0.8124555087758909
0.7000000000000001,4,2.619910056653776,1.963970547452599,-0.352337925959734,0.8336090496884486
0.7000000000000001,5,2.611331679913509,1.9360390119489943,-0.4138081189120013,0.8346968942451742
0.7000000000000001,6,2.6341330484513743,1.9439222722996128,-0.3785465606702461,0.8317975363784673
0.7000000000000001,7,2.66422807984432,1.9233465901498468,-0.3147828685616297,0.8279321465920934
0.7000000000000001,8,2.659263174393719,1.907476260090181,-0.3414823408390531,0.828572860963692
0.7000000000000001,9,2.676523879978722,1.9211791189875271,-0.3174565318977514,0.8263402452753323
0.7000000000000001,10,2.642692345951915,1.8957436546468776,-0.3127269925971732,0.8307026531987572
0.7000000000000001,11,2.511738525958251,1.8453827839228685,-0.2318273466417811,0.8470653856524767
0.7000000000000001,12,2.5215019470759605,1.856267887806609,-0.227820596104166,0.8458741254306192
0.7000000000000001,13,2.5368619942168413,1.8642865789051304,-0.2397273889070394,0.8439906517328666
0.7000000000000001,14,2.565980372778463,1.8782460960252896,-0.2669530568891959,0.8403887133533412
0.7000000000000001,15,2.578722462185232,1.8975453298139464,-0.3015721407486914,0.8387995890094466
0.7000000000000001,16,2.5898543373672664,1.9101467202913367,-0.3139536354494476,0.8374048394266896
0.7000000000000001,17,2.63780429690535,1.9345649277461976,-0.3318634879499948,0.8313283547966529
0.7000000000000001,18,2.642705879043411,1.9378042031646243,-0.3418558068674477,0.8307009192683176
0.7000000000000001,19,2.675253070812857,1.9654097669772244,-0.3484894182346511,0.826505112862316
0.7000000000000001,20,2.688685287040671,1.9815461857454129,-0.3703447544670328,0.8247585332317576
0.7000000000000001,21,2.698443736076885,1.980092661438352,-0.3704279708080687,0.8234841644801019
0.7000000000000001,22,2.7256459746741384,1.991978491448296,-0.3866282613122836,0.819907415617618
0.7000000000000001,23,2.7540679823769465,2.01606930091404,-0.395407117076671,0.8161319581696881
0.7000000000000001,24,2.762292122865271,2.0141263368931908,-0.4062489271659505,0.81503219273012
0.7000000000000001,25,2.774504874218396,2.012491653131138,-0.4170366789248941,0.8133930036430806
0.7000000000000001,26,2.7985951196660723,2.0310929623521266,-0.431732135716152,0.8101384232892526
0.7000000000000001,27,2.7997834420114125,2.024261627137653,-0.4301132312270848,0.809977153334521
0.7000000000000001,28,2.818644140441579,2.0396412491274964,-0.4352769155276932,0.8074083580413507
0.7000000000000001,29,2.831856993572214,2.048742204091118,-0.4475791605254032,0.8055985166672559
0.7000000000000001,30,2.8590715887840252,2.0656856871603853,-0.4601700761135706,0.8018441044641886
0.7000000000000001,31,2.860292111575266,2.0692994553984496,-0.4579234666464163,0.8016748849100293
0.7000000000000001,32,2.8796469523388537,2.083465427340742,-0.4599560668185606,0.7989817765827143
0.7000000000000001,33,2.888281647680965,2.090251826702533,-0.4603246286723594,0.7977744525854616
0.7000000000000001,34,2.909708504210379,2.106584733874375,-0.4623173367536969,0.7947628832023326
0.7000000000000001,35,2.928237692824784,2.1148544974412316,-0.4650920656544021,0.7921406372205169
0.7000000000000001,36,2.939434672897913,2.1189918902127114,-0.4769657822276255,0.7905479749217428
0.7000000000000001,37,2.9541600264454484,2.1290912454468836,-0.4885855307800881,0.7884441822631622
0.7000000000000001,38,2.9706198748590813,2.139452789100213,-0.5024235607087235,0.7860801413357955
0.7000000000000001,39,2.973375037078251,2.1451018437364984,-0.5020007601136924,0.785683148616801
0.7000000000000001,40,2.989039072220334,2.148588317502478,-0.510415382853214,0.7834191157719124
0.8,2,2.9346992696125183,2.075677881475198,-0.4608403987914308,0.7912222820558611
0.8,3,2.7809131227407327,2.019603116968599,-0.4082224013119312,0.8125299992117874
0.8,4,2.621472866809322,1.957513310588054,-0.3610252890607118,0.8334104817840815
0.8,5,2.614850651825404,1.933486791214018,-0.4211833877995075,0.8342510765564651
0.8,6,2.635050548321893,1.945476081205101,-0.3902844712996383,0.8316803421346689
0.8,7,2.65662512038035,1.922344564652384,-0.3332217001181035,0.8289128120771247
0.8,8,2.6410393524423528,1.9044850108786695,-0.3601762347541269,0.8309143765907416
0.8,9,2.6577907592122574,1.9129113091605776,-0.3362341183501333,0.8287626443932636
0.8,10,2.6206268528390715,1.8849705152807432,-0.3311310804705053,0.833517989528723
0.8,11,2.4880247133188065,1.8349205542610696,-0.2538359864638917,0.8499395246112335
0.8,12,2.4946614168503523,1.8412569943849528,-0.2496062931106867,0.8491378965952917
0.8,13,2.5088877435795167,1.8469057492707028,-0.2606581963818061,0.847412345244168
0.8,14,2.536569194396313,1.8575624040691077,-0.2867328003153532,0.844026662263322
0.8,15,2.545511105058554,1.869808274278015,-0.319139331483666,0.8429250499346823
0.8,16,2.5526805092090155,1.8815314835582777,-0.3303552758956998,0.842039004166941
0.8,17,2.594377124816657,1.900529645231792,-0.3474563075825642,0.8368364480244029
0.8,18,2.5999007192274717,1.9046234678683984,-0.3570816540631999,0.8361409371954477
0.8,19,2.629832740142345,1.932115711708587,-0.3635340414836568,0.8323462801319857
0.8,20,2.6433584024813888,1.9467756112942096,-0.3836986811688555,0.8306173040180354
0.8,21,2.6518249942874546,1.9441411183417772,-0.3840084416524447,0.8295305116835441
0.8,22,2.6775402641175603,1.9516832463608256,-0.3990223153154671,0.8262083289979419
0.8,23,2.7033409365292083,1.974482662816134,-0.4079146413165502,0.8228428927609628
0.8,24,2.7104508597565093,1.9736397816611055,-0.4183254966692758,0.8219098030529832
0.8,25,2.7212576333136163,1.9709245190907532,-0.4282199126475398,0.8204868536950018
0.8,26,2.744042922272244,1.9889949432126208,-0.4417373386593973,0.8174681149482697
0.8,27,2.7458294092222744,1.9834904286258943,-0.4405363126455295,0.8172303657663158
0.8,28,2.7635823707074083,1.9979079404100537,-0.4456563936726424,0.8148593579679154
0.8,29,2.7766908384139977,2.006468434558138,-0.4568798234193998,0.8130988416756205
0.8,30,2.8027098538767774,2.020339188105427,-0.4686542370401201,0.8095797113590661
0.8,31,2.803970887054399,2.023674191580325,-0.4664894121540439,0.8094083198596748
0.8,32,2.822864099874983,2.0366020719647007,-0.4683760990109221,0.8068312455943007
0.8,33,2.8311094189081794,2.043256188671808,-0.4687855614684061,0.8057011422174323
0.8,34,2.850900533175429,2.0598213955923206,-0.4709840052516573,0.8029751213587879
0.8,35,2.8681260335672394,2.0682798262014264,-0.4741382853954085,0.8005870302094888
0.8,36,2.8787312043508533,2.0723679132573016,-0.4850115926623677,0.799109606672306
0.8,37,2.893287604272153,2.082596051161079,-0.4961051564770045,0.797072852312043
0.8,38,2.908677256070181,2.091628414416791,-0.508986743301788,0.7949083361839735
0.8,39,2.9119502370922303,2.097625520066805,-0.5083936600149359,0.7944465188479948
0.8,40,2.9271313454861927,2.101522486707566,-0.5164166804989079,0.7922976744792959
0.9,2,2.9410216152907807,2.0781911101550037,-0.4593205560887134,0.790321755896803
0.9,3,2.781842827665809,2.014475492140251,-0.4095516159515929,0.8124046296589494
0.9,4,2.6261263219702857,1.954040246630176,-0.3688716914923604,0.8328185207392207
0.9,5,2.6223115602255245,1.931441083408525,-0.4278980311524706,0.8333038700514409
0.9,6,2.640619631808085,1.947465356125533,-0.4012574535410938,0.8309681153476238
0.9,7,2.655337055740486,1.921612300436697,-0.3504776096688462,0.8290786750977541
0.9,8,2.632469213889837,1.9053708505098657,-0.3779229510810325,0.8320099574527773
0.9,9,2.6479635310867984,1.907945951770513,-0.3544046078937545,0.8300266095727399
0.9,10,2.6079867861856245,1.8774429726060529,-0.3492056711082161,0.8351201014565004
0.9,11,2.4743735299821843,1.827469496909049,-0.2754987499674844,0.8515816974019095
0.9,12,2.47768554066095,1.8311213664036907,-0.271287650282377,0.851184108289483
0.9,13,2.4902295565375008,1.8392008769581,-0.2817149190830241,0.8496734449209269
0.9,14,2.5159488284421068,1.848967720607722,-0.306830445654939,0.8465522425449367
0.9,15,2.521126467387133,1.8604339913385444,-0.3372515030073006,0.8459200241273566
0.9,16,2.524324581446663,1.866060048604727,-0.3475280829578211,0.8455288673279739
0.9,17,2.559889788853573,1.8758536351286732,-0.363960329484488,0.8411455174451038
0.9,18,2.565462081526615,1.8811420476710408,-0.3732928362324918,0.8404531852252207
0.9,19,2.5924464932938727,1.905340649565452,-0.3796843481039637,0.8370791972264177
0.9,20,2.605493937707172,1.920025502775295,-0.3983272612190935,0.8354351522604584
0.9,21,2.6124187092724935,1.9137717906046796,-0.3989345594581119,0.8345592428464929
0.9,22,2.6362132847277593,1.9202571447137091,-0.412897960828248,0.8315317646633716
0.9,23,2.6592329569604587,1.9336776209556916,-0.4218909304561824,0.8285767568238324
0.9,24,2.6650679324616617,1.9323132603320925,-0.4319047532656693,0.8278236465612161
0.9,25,2.67422879677697,1.929734624965876,-0.4410154680453024,0.8266379393907586
0.9,26,2.6954117108441364,1.9459058584160944,-0.4534468337989846,0.8238806150557888
0.9,27,2.6974771431566165,1.941157852356144,-0.4526756405354838,0.8236105991331317
0.9,28,2.713872175130427,1.9546693287207613,-0.4577708241492794,0.8214599241863502
0.9,29,2.726558563652701,1.963258966306964,-0.4680181856084103,0.8197867997909712
0.9,30,2.7511103653661366,1.9768129014990976,-0.4790396524776313,0.8165266610237782
0.9,31,2.752155608193608,1.979158732425247,-0.4769986390911541,0.8163872186917908
0.9,32,2.770338692623628,1.9890356617989904,-0.4787869018537327,0.8139529990080632
0.9,33,2.778050452626793,1.9937539543189051,-0.4792510271812016,0.8129157635443391
0.9,34,2.796061162954133,2.0107989026660484,-0.4816779034039961,0.8104820837276587
0.9,35,2.811794477597088,2.018521484441923,-0.4851898398947687,0.8083432649338574
0.9,36,2.8215485324616667,2.0227826445045625,-0.4951230345793717,0.8070112523484514
0.9,37,2.835669444191426,2.032788971222126,-0.5057204901383375,0.805074729661491
0.9,38,2.8498292818867057,2.0421289280685535,-0.5177021734448398,0.8031231612488285
0.9,39,2.853366043541292,2.0466826626583883,-0.5169938884207499,0.8026341926417306
0.9,40,2.867847495308654,2.050902319938122,-0.5246596011083497,0.8006257603375294
1.0,2,2.947002481457622,2.0807995521235143,-0.4574604948753338,0.7894680847532669
1.0,3,2.7837928926117264,2.0123501440674447,-0.4102368820834652,0.8121415296932412
1.0,4,2.6330829156203808,1.954581709891984,-0.3758506405128919,0.8319316220279775
1.0,5,2.6327045808122644,1.9325613842070513,-0.4338449794210794,0.8319799164048574
1.0,6,2.649868443870887,1.949377017392085,-0.4112979222850407,0.8297819680254612
1.0,7,2.6593885561126496,1.9217476555141315,-0.3662871762101822,0.8285566953308374
1.0,8,2.632503765609323,1.906361702705666,-0.3943179255033375,0.8320055476136137
1.0,9,2.64642866504927,1.9101589012306228,-0.3715063548486855,0.8302235992752597
1.0,10,2.604501794737048,1.8787952291434027,-0.3664321704725362,0.8355604573079219
1.0,11,2.4708090683717416,1.826272871889271,-0.2962850655502049,0.852008997716224
1.0,12,2.470936661003445,1.8247932269379172,-0.2922936528150539,0.851993712804703
1.0,13,2.481601505605756,1.837339834886868,-0.302286601800083,0.8507133315682603
1.0,14,2.505094810715509,1.8452886924160496,-0.3265929708749947,0.8478733600915344
1.0,15,2.5068366302733067,1.8537981951637168,-0.3552335145142675,0.8476617359436064
1.0,16,2.506344926391672,1.8590428629707132,-0.3647687036074524,0.8477214909102411
1.0,17,2.536225465575451,1.8658431093948664,-0.3806453440622731,0.8440689310877524
1.0,18,2.541417926648895,1.8709000757877137,-0.3897535194047955,0.8434297964062931
1.0,19,2.5653164733672686,1.8947203722585824,-0.3961838235036181,0.8404712955367512
1.0,20,2.577425960481387,1.9084715896938629,-0.4134800182312041,0.8389616413993928
1.0,21,2.5826953032559605,1.903556522071873,-0.4144421192892223,0.8383025080333318
1.0,22,2.604243623281785,1.9076912768846055,-0.427484649992869,0.8355930558586446
1.0,23,2.624447778948817,1.9203495935745043,-0.4365650262112377,0.833032167448083
1.0,24,2.6289559411700973,1.9176276010606736,-0.4462130529484134,0.8324580546201548
1.0,25,2.636362479896059,1.9141951571853064,-0.4546576656500696,0.8315126953732568
1.0,26,2.6556972405637898,1.924005077394965,-0.4661031932865154,0.8290323024969808
1.0,27,2.6577397187255376,1.9198508017698128,-0.4657696152882044,0.8287692212496411
1.0,28,2.6725945562739493,1.929270571883616,-0.4708544402945182,0.826849760259238
1.0,29,2.684586093637838,1.937151261379596,-0.4802439184283586,0.8252924752796208
1.0,30,2.7074419454988212,1.9478385306758097,-0.4905792745186185,0.8223049850564033
1.0,31,2.708099945135689,1.9497784124391528,-0.4887076627940115,0.8222186028064375
1.0,32,2.7253232334527304,1.956956599380796,-0.4904528737794925,0.8199500622856203
1.0,33,2.7323985605851173,1.961900672730586,-0.4909857477789044,0.8190139782112085
1.0,34,2.7485685064324175,1.974739560431281,-0.4936592887901194,0.8168655408491294
1.0,35,2.7626885547762714,1.979835182808659,-0.497503883795953,0.8149790974021527
1.0,36,2.7713825094057563,1.9835670528646867,-0.5065713895584645,0.8138127738667374
1.0,37,2.784805408202458,1.9931375662239603,-0.5167110204349401,0.8120048498260894
1.0,38,2.797593517130494,2.0006978035639222,-0.5278638564518243,0.8102742998979322
1.0,39,2.80116726734203,2.0027478754232693,-0.5271104445831616,0.8097892649358782
1.0,40,2.81475286450116,2.005629388684469,-0.5344601337988337,0.8079397553195579
1.1,2,2.952610938131723,2.0829322716607455,-0.4553055974650588,0.7886659933487199
1.1,3,2.786411913374982,2.010189855596633,-0.4103366367345503,0.8117878850831366
1.1,4,2.64163874424083,1.956060055869527,-0.3819780523812977,0.8308376189032841
1.1,5,2.6450463419932615,1.9366566687651268,-0.4389831466114695,0.8304009133618561
1.1,6,2.6617352937508385,1.953939659346928,-0.4203136538096393,0.828253986671672
1.1,7,2.6675592825087673,1.922736773516888,-0.3804937111882936,0.8275015894334635
1.1,8,2.639448396954191,1.907550147283572,-0.4090812356079888,0.8311180287442025
1.1,9,2.651840660781364,1.9126600696822256,-0.3871905603264403,0.8295284974728816
1.1,10,2.608988438589264,1.8817002547008657,-0.3823937413066555,0.8349934259206532
1.1,11,2.4762907300087256,1.8304214298901145,-0.3157447009541366,0.8513516126494277
1.1,12,2.4736696659153754,1.825103740123472,-0.3121230555974993,0.85166612398542
1.1,13,2.4825752274216915,1.8371684776218584,-0.3218222362036236,0.85059615545905
1.1,14,2.5038493925467797,1.842313397293253,-0.3454196727741385,0.8480245832586198
1.1,15,2.5027389626779777,1.8521933944769609,-0.3724504749307418,0.8481593522438479
1.1,16,2.4990967371334354,1.857047276872804,-0.381400810045709,0.8486009767818739
1.1,17,2.5240255796947233,1.8634113245909487,-0.39679724060861,0.8455654588219841
1.1,18,2.528603156270782,1.8674379994206889,-0.4057330210725072,0.8450047854326477
1.1,19,2.5494963325591526,1.8901128366105313,-0.4122679671434628,0.842432834895386
1.1,20,2.5603857507735808,1.8996034372546344,-0.4283824222376334,0.8410839574462106
1.1,21,2.564042081138542,1.8965448238775695,-0.4297312876863585,0.8406297567990114
1.1,22,2.5831817321238932,1.8988338913105876,-0.4419651522254104,0.83824159358105
1.1,23,2.6006835616467945,1.9099649139959909,-0.4511107583812055,0.8360422448596717
1.1,24,2.603941187521898,1.9054355374549683,-0.4604128144471525,0.8356312394229249
1.1,25,2.6096446021497677,1.9016278940663311,-0.4683025932517494,0.8349104168013098
1.1,26,2.6269935138849703,1.9083066067826568,-0.4788603951085642,0.8327080901304054
1.1,27,2.628783493543016,1.9048751782176043,-0.4789605728472129,0.8324800338879437
1.1,28,2.642021902208183,1.912869998195225,-0.4840385744201211,0.8307885428402795
1.1,29,2.6531352915182937,1.9186116179040988,-0.4926910373370378,0.8293620081942525
1.1,30,2.6741562971346085,1.9291715297657888,-0.5024018336983217,0.8266473391227761
1.1,31,2.6743697881005315,1.9307740350656633,-0.5007398496870709,0.8266196588376937
1.1,32,2.69043453443045,1.9373938776869384,-0.50249579365912,0.8245304363274124
1.1,33,2.6968370182042136,1.9400312372390327,-0.5031067867507776,0.8236943053917111
1.1,34,2.7112139624868923,1.9523699094804603,-0.5060316291492922,0.8218095095937489
1.1,35,2.7237022080645685,1.9554507890391783,-0.5101755395072005,0.8201641864053704
1.1,36,2.73121975845714,1.9584409802024192,-0.5184566170727294,0.8191701052784958
1.1,37,2.743734126475859,1.9666434859353648,-0.5281764525390865,0.8175091944130862
1.1,38,2.7550682190786913,1.9733223073457495,-0.538576780834546,0.8159983776176671
1.1,39,2.7585175955265138,1.9753506493548507,-0.5378514318206454,0.8155373449809694
1.1,40,2.771069415036208,1.9784181028507952,-0.544924580067455,0.8138548401489063
1.2000000000000002,2,2.9578563661758146,2.0846500403423223,-0.4529024392874584,0.7879144402127187
1.2000000000000002,3,2.789454028408701,2.007977906667209,-0.4099213283197241,0.8113766928581382
1.2000000000000002,4,2.6512189756487996,1.9588568925116991,-0.3872985607586584,0.8296084171886723
1.2000000000000002,5,2.658490769141797,1.9408670845771512,-0.4433227233267852,0.8286724313964452
1.2000000000000002,6,2.675225096751387,1.9591598334439824,-0.4282788795183101,0.8265087411779439
1.2000000000000002,7,2.6786022261679063,1.9274384109164224,-0.3930431718339617,0.8260704436695809
1.2000000000000002,8,2.6513543754326254,1.9086186724142715,-0.4220665570919057,0.829591012686957
1.2000000000000002,9,2.6624641005091996,1.915584618116488,-0.401242006690481,0.8281599226287067
1.2000000000000002,10,2.619685736793984,1.886505443802648,-0.3968080917077183,0.8336375416564479
1.2000000000000002,11,2.4890231555661195,1.8374178902645764,-0.3335500923417065,0.8498190621575075
1.2000000000000002,12,2.4842694000709566,1.832344712172789,-0.3303940087901217,0.85039217189336
1.2000000000000002,13,2.491747714910865,1.839896703135695,-0.3398883533324838,0.8494900970972004
1.2000000000000002,14,2.5110188312552344,1.8415956877527415,-0.362827370825367,0.8471530145692135
1.2000000000000002,15,2.5077890110987084,1.850709244423819,-0.3883798415708122,0.8475459632605399
1.2000000000000002,16,2.5016919614343864,1.856241810732859,-0.3968551127228618,0.8482863683617368
1.2000000000000002,17,2.522574576055824,1.8624701629887,-0.4118062004258226,0.8457429694402369
1.2000000000000002,18,2.526490056595596,1.8650243688158537,-0.4205984127018638,0.8452637295740949
1.2000000000000002,19,2.5446441216384574,1.8866106796297624,-0.4272648919802936,0.8430320289896409
1.2000000000000002,20,2.554223242321368,1.895265468830311,-0.4423411979024222,0.8418480164609865
1.2000000000000002,21,2.556441404678599,1.8933403975184944,-0.4440777548638935,0.8415732095480761
1.2000000000000002,22,2.57318501121184,1.8957846813976071,-0.4555917564479327,0.8394911570054848
1.2000000000000002,23,2.588228066065913,1.9052563669549392,-0.4647664010634914,0.8376089750944797
1.2000000000000002,24,2.590421509501875,1.9000031309951664,-0.4737269707059109,0.8373336156973149
1.2000000000000002,25,2.59461650387722,1.8949176302064208,-0.4811550765916088,0.8368063369512492
1.2000000000000002,26,2.6099745940606778,1.9015645113466608,-0.4909130685893405,0.8348686627085138
1.2000000000000002,27,2.6113870607498924,1.8955110317980235,-0.4914270230816933,0.8346898827104856
1.2000000000000002,28,2.6230482719478263,1.9020359275871273,-0.4964872304201672,0.8332101937350601
1.2000000000000002,29,2.6332080215500513,1.9082381161357131,-0.5045145664048017,0.8319156507495471
1.2000000000000002,30,2.6523693902868817,1.9172639501765232,-0.5136508737266685,0.829460512770744
1.2000000000000002,31,2.6521919170920834,1.915573009323961,-0.5122266102946427,0.8294833340076164
1.2000000000000002,32,2.6669881250007923,1.9223736854580704,-0.5140370185846483,0.8275754496212204
1.2000000000000002,33,2.67275482139306,1.9252800618749668,-0.5147278797635203,0.8268289933413685
1.2000000000000002,34,2.6854897365150174,1.9353125990775413,-0.517890256229765,0.8251748409217077
1.2000000000000002,35,2.696439162555997,1.9383861001926967,-0.5222883050764147,0.8237463211730611
1.2000000000000002,36,2.7027756633556317,1.941531574112931,-0.5298586855120715,0.8229169727180484
1.2000000000000002,37,2.7142580750822543,1.9477208675669304,-0.539189053664823,0.8214091454460563
1.2000000000000002,38,2.724143497512244,1.9536695297549176,-0.5489098353975046,0.820105908319408
1.2000000000000002,39,2.727390963663614,1.9554239563559763,-0.5482770023545461,0.8196767472358842
1.2000000000000002,40,2.738854087092632,1.9591576244953208,-0.5551036287347955,0.818157777908979
1.3,2,2.96277291049485,2.086012492726142,-0.4502961945528558,0.7872087976558034
1.3,3,2.7927617312456596,2.006971388287071,-0.4090649316262663,0.8109290928945683
1.3,4,2.6613886508340125,1.9620184209202096,-0.3918728457076413,0.8282987173873853
1.3,5,2.672381667903568,1.9450226295529025,-0.4469077915859236,0.8268773440946948
1.3,6,2.689509627429931,1.965111832819,-0.4352180599564537,0.8246510600627331
1.3,7,2.691408422524342,1.9345161668415132,-0.403965845631588,0.8244033797900179
1.3,8,2.666368880681292,1.9107654523897597,-0.4332475513901054,0.8276555103658741
1.3,9,2.676528471594747,1.921738655468583,-0.4135742954987065,0.8263396494431018
1.3,10,2.6346601949543507,1.8935549365792304,-0.4095320534723765,0.8317302078032003
1.3,11,2.506897704312164,1.8471099896224752,-0.3495124833313304,0.8476543130216004
1.3,12,2.500672155354352,1.8416543181200635,-0.3468673995911185,0.8484100342255809
1.3,13,2.5071396997091964,1.846411591241046,-0.3561997122225253,0.847624899189229
1.3,14,2.524734651556221,1.8463754624397444,-0.3784881764860167,0.8454786763661624
1.3,15,2.5201370036389092,1.8518140667226577,-0.4026563481640843,0.8460409435934738
1.3,16,2.5123087372579813,1.8578609519167737,-0.4107223036519677,0.8469959397743314
1.3,17,2.5300778698616235,1.863644851984668,-0.4252271165142993,0.8448239423435495
1.3,18,2.533420058062203,1.8645794608226016,-0.4338803974047036,0.8444137018967725
1.3,19,2.5492127764656924,1.884466325832121,-0.4406690320811532,0.8424678823238587
1.3,20,2.5575467055506937,1.8939784337918757,-0.4548240514424974,0.8414361853828611
1.3,21,2.5585791709924632,1.892299861901925,-0.4569192587291713,0.8413081371222112
1.3,22,2.5730823802436,1.894872309026011,-0.46777830713096,0.8395039604761884
1.3,23,2.585990826305775,1.9043509227766424,-0.4769314523807988,0.8378895922800553
1.3,24,2.587369062408588,1.9001722675877344,-0.4855407302853456,0.8377167487005366
1.3,25,2.5903399042882733,1.8960979214849096,-0.4925757470158405,0.8373438643891963
1.3,26,2.6038197373981147,1.9007230874191967,-0.5016074586829601,0.8356465716745726
1.3,27,2.604832323943243,1.8962953529619373,-0.5024988518130729,0.8355187176397452
1.3,28,2.6150481667075507,1.9002401229144317,-0.5075164075428803,0.834226035649828
1.3,29,2.6242728699802123,1.9067293528031135,-0.5150134845367503,0.8330544221855902
1.3,30,2.641655412119923,1.9141574448869,-0.523611483358054,0.8308354841776207
1.3,31,2.641216086092977,1.9130250221047551,-0.5224377528954457,0.8308917460159052
1.3,32,2.654730593044155,1.918133175026532,-0.5243310172692991,0.8291567409462901
1.3,33,2.6599558183712335,1.9193299707017677,-0.5250953018643242,0.8284835479238241
1.3,34,2.6712686139824733,1.929017758808092,-0.5284634864258098,0.8270215261360149
1.3,35,2.680859772542176,1.9317514535394615,-0.5330585107760357,0.8257771418113632
1.3,36,2.6861089218219205,1.9335035662662643,-0.5399851012042761,0.8250942138035703
1.3,37,2.69653123893673,1.939670391580303,-0.5489444097174387,0.8237342837585714
1.3,38,2.705061040186539,1.9450061829353311,-0.5580491452929627,0.8226173751197718
1.3,39,2.708103160083713,1.946490798765884,-0.5575561067856657,0.8222181806962477
1.3,40,2.71850559497474,1.9497927443790233,-0.5641525026315648,0.8208497574108187
1.4,2,2.967407451122432,2.08707562767031,-0.4475289907906886,0.7865425563814579
1.4,3,2.796244363367782,2.0075123744745165,-0.4078392783055326,0.8104572481492747
1.4,4,2.671840155563136,1.9659131108183725,-0.3957677590430657,0.8269474976640661
1.4,5,2.6862568624662617,1.9509312549237303,-0.4498005356968437,0.825074946984518
1.4,6,2.703966829849493,1.9701242318938288,-0.4411880105652984,0.8227608503633321
1.4,7,2.7050940366029916,1.9415684573971463,-0.4133516173072702,0.8226130476561231
1.4,8,2.6829582681835817,1.918782742499842,-0.4426903811911123,0.8255042823318104
1.4,9,2.692489324984018,1.929573096454246,-0.424206833938861,0.8242623079774526
1.4,10,2.652139791394623,1.904086303908518,-0.4205434440636561,0.8294900365488176
1.4,11,2.527895807166478,1.8584020730959696,-0.3635729944416622,0.8450914897391146
1.4,12,2.5207965699849275,1.854221760206984,-0.3614431728252174,0.8459603451971307
1.4,13,2.526648360883344,1.8566197456734723,-0.3706204885878161,0.8452443381005929
1.4,14,2.5429110141216387,1.8569925166924333,-0.3922353514157178,0.8432457718283878
1.4,15,2.5376079375267255,1.85857003663888,-0.4150832274065787,0.8438988917243913
1.4,16,2.528692358757978,1.8644564187389296,-0.4227702156896141,0.844993849590477
1.4,17,2.544184065898085,1.867373109167542,-0.4368017838356746,0.8430887815135658
1.4,18,2.547107804080139,1.8663969441044463,-0.4453002270126485,0.8427279342532615
1.4,19,2.5609457727456997,1.885029951490886,-0.4521736540014131,0.8410144318222453
1.4,20,2.568191420624484,1.8940816389886883,-0.4654976718812288,0.8401135278984324
1.4,21,2.5683076125053352,1.8914504417575615,-0.4678989574600247,0.8400990601839037
1.4,22,2.5808125668258484,1.8937569464717592,-0.4781477580154682,0.8385381709821512
1.4,23,2.5919317963453214,1.902616115852036,-0.4872182727023981,0.8371438824695726
1.4,24,2.592751606358519,1.8999433396702277,-0.4954567072547094,0.8370408456609938
1.4,25,2.5948055558006593,1.896422573545354,-0.5021420391025221,0.836782554477164
1.4,26,2.6065952063700863,1.899700245563838,-0.5105063890472885,0.8352960090387969
1.4,27,2.607259537963504,1.8965522021865595,-0.5117260036167011,0.8352120435592753
1.4,28,2.6162124366523956,1.9005527646350917,-0.516666082744247,0.834078391249462
1.4,29,2.624580207260057,1.906474744378789,-0.5237073365929957,0.8330153167977211
1.4,30,2.640336476689873,1.9136951466618368,-0.5317905931241517,0.8310043641708593
1.4,31,2.639790489315242,1.9127258073766855,-0.5308654004502265,0.8310742491603506
1.4,32,2.6520866879860634,1.9176854606962737,-0.5328532345159608,0.829496864672759
1.4,33,2.6568906488356014,1.9191937317374843,-0.5336776158909586,0.8288786101969622
1.4,34,2.66702206827376,1.927234556036398,-0.5372065028716679,0.8275710606321816
1.4,35,2.6754776331906425,1.9300240237290909,-0.5419325132729395,0.8264759851061457
1.4,36,2.679794129790806,1.929047055088103,-0.5482717107918912,0.825915621584179
1.4,37,2.689205158072756,1.933944443097364,-0.5568660311440181,0.824690759014936
1.4,38,2.6965340620833027,1.939002774459981,-0.5654060757358453,0.8237339146738704
1.4,39,2.69941128573563,1.9414497654105152,-0.565079553267406,0.8233575593166568
1.4,40,2.7088409120363326,1.945398178257839,-0.5714481047599606,0.8221213034785179
1.5,2,2.971811086512325,2.088194959422338,-0.4446390007817719,0.7859085442071699
1.5,3,2.7998575217373105,2.0080684997131537,-0.4063107566295582,0.809967097537766
1.5,4,2.6823692428135795,1.9697179566768337,-0.3990496814104001,0.8255808926341699
1.5,5,2.6998222602453783,1.957178934586684,-0.4520692437687543,0.8233037690202067
1.5,6,2.718173546483864,1.9743299333418152,-0.4462623304184414,0.8208935189059912
1.5,7,2.71901841510855,1.947785535209855,-0.4213255459212434,0.8207821610689753
1.5,8,2.6999924047475266,1.926905028686953,-0.450521984184751,0.8232814973025334
1.5,9,2.7091573012500096,1.9368562124327469,-0.433233629701906,0.8220797490355642
1.5,10,2.6707063203374157,1.9138835010194264,-0.4299104803952231,0.827094341321369
1.5,11,2.550348196389028,1.868830474009985,-0.375776799063057,0.8423275213936888
1.5,12,2.5428517606395693,1.866277420077629,-0.3741369184635124,0.8432530769409788
1.5,13,2.548399687166991,1.867961586221954,-0.3831426077415657,0.8425683582457077
1.5,14,2.5636284868655412,1.8688741816317889,-0.4040431384114917,0.8406811672685679
1.5,15,2.558133913490543,1.8686284506315705,-0.4256145552053906,0.8413633651136189
1.5,16,2.5486358290442137,1.8720264316204012,-0.4329289209504278,0.8425391807771725
1.5,17,2.5625187930861455,1.8730098480609485,-0.4464458860911688,0.8408190631101122
1.5,18,2.5651850645725585,1.8718857369583912,-0.4547595265040466,0.8404876388909251
1.5,19,2.5774409708539463,1.8866478612290245,-0.4616631577602457,0.8389597656886374
1.5,20,2.583785372633689,1.8972191696782803,-0.4742237606496361,0.8381659850131621
1.5,21,2.583226755638509,1.8957194241458564,-0.4768641227214877,0.8382359548020559
1.5,22,2.594005908241769,1.8974734544015257,-0.4865328993080471,0.8368831372131654
1.5,23,2.6036555947021327,1.905093846481149,-0.4954550014057576,0.8356672924365474
1.5,24,2.604140114421306,1.9025797525080497,-0.5032991779487133,0.835606124710651
1.5,25,2.605554306441943,1.8988434698903864,-0.5096569331025503,0.8354275263077796
1.5,26,2.6158708930942827,1.9012310524250864,-0.5174007903668236,0.8341217101762893
1.5,27,2.616275124257025,1.898112250299144,-0.5188920408872126,0.8340704397905697
1.5,28,2.624156556598204,1.902216195836696,-0.5237153351851896,0.8330692206272198
1.5,29,2.631768278976669,1.9073606768290612,-0.5303554220661435,0.8320994053436701
1.5,30,2.646081464961781,1.9148698154942363,-0.5379385668423395,0.8302681442238595
1.5,31,2.645567940774072,1.912828641483863,-0.5372481112123737,0.8303340174456979
1.5,32,2.656752178613244,1.9184719557510936,-0.5393275022518275,0.8288964465346677
1.5,33,2.661249566138362,1.9197755995652823,-0.5401941974619912,0.828316663204216
1.5,34,2.670419831763128,1.9273510835066188,-0.5438317859347818,0.8271314347587193
1.5,35,2.677958789481244,1.9299832454873265,-0.5486191239741258,0.8261539941235256
1.5,36,2.6815157868303583,1.9296823403735577,-0.5544178701072572,0.8256918656851376
1.5,37,2.6900094661963574,1.9341550280199065,-0.562643450605287,0.8245858776656494
1.5,38,2.696317169578292,1.9366451420135913,-0.5706583451952186,0.8237622690386888
1.5,39,2.6990804212909505,1.938202261962405,-0.5705057805311468,0.8234008584771771
1.5,40,2.7076525446719075,1.941950236919116,-0.5766380084415821,0.8222773398625862
1.6,2,2.9760336097226157,2.090386229145271,-0.4416600649309102,0.7852997246373484
1.6,3,2.80358598827915,2.0085598757609033,-0.4045387495071489,0.8094606409944387
1.6,4,2.6928485920304333,1.9731149855786887,-0.4017807269810791,0.8242154064181885
1.6,5,2.71291335913993,1.963782575151316,-0.4537805435364959,0.821586058969594
1.6,6,2.73187215745941,1.97980125282606,-0.4505199379593808,0.8190837062748969
1.6,7,2.7327574417837917,1.9538352302141344,-0.4280278164606557,0.8189664326247748
1.6,8,2.716725914867106,1.9339196872512752,-0.4569012946541537,0.8210842434180735
1.6,9,2.725714151062774,1.9434068799839672,-0.4407925083358385,0.8198984062189709
1.6,10,2.689349823164223,1.92340927688673,-0.4377587394729522,0.824671897077643
1.6,11,2.5730329448678577,1.8782085968808773,-0.3862406258065337,0.839510127481071
1.6,12,2.5654803385812133,1.8770506010832144,-0.3850471853203719,0.8404509143943292
1.6,13,2.5709342483238733,1.8786482838260157,-0.3938521880579835,0.8397718281156445
1.6,14,2.585356099206274,1.8803748615866611,-0.4139919717431313,0.837969161967647
1.6,15,2.580023964173857,1.8805912257527744,-0.4343202787176513,0.838636829656245
1.6,16,2.5702979369896717,1.8855367794784244,-0.4412555268666834,0.8398511318822517
1.6,17,2.5830579278593464,1.8841343510792683,-0.4542129371196712,0.8382570984140156
1.6,18,2.585598163266934,1.884149383995397,-0.4623049614960607,0.837938819007335
1.6,19,2.5965789660338707,1.8925018819301664,-0.469177416957295,0.8365593775229182
1.6,20,2.6021970238672414,1.9037582340736672,-0.4810250283346194,0.8358513596053404
1.6,21,2.601155767493135,1.9036665619333912,-0.4838321632702413,0.8359826998689569
1.6,22,2.610471962440974,1.903824001087634,-0.4929424731458001,0.8348057203859437
1.6,23,2.618921298210518,1.9109353860504792,-0.5016518445847317,0.8337346184356935
1.6,24,2.6192403975476344,1.90897153479394,-0.5090798757570959,0.8336940991537274
1.6,25,2.6202344660619423,1.9056349038663072,-0.5151170102557259,0.8335678405396614
1.6,26,2.6292897412619323,1.908184773407425,-0.5222789224308864,0.8324155061191881
1.6,27,2.6295277091842233,1.9055690513551784,-0.523983547612577,0.8323851697603764
1.6,28,2.6365103530616323,1.908585880915824,-0.5286515969546115,0.8314937939892352
1.6,29,2.6434640062489696,1.9130275652033295,-0.5349286394804867,0.8306037698653082
1.6,30,2.65651520672182,1.920774228950904,-0.5420217975558499,0.8289269687073533
1.6,31,2.656134423713316,1.9185778139281489,-0.5415445539403929,0.8289760081667787
1.6,32,2.666325314510723,1.9232629897727536,-0.5437015835442149,0.8276611422408531
1.6,33,2.670605300108607,1.9246824356299117,-0.5445910849093905,0.8271074214857603
1.6,34,2.6789916780211684,1.9314012798524856,-0.5482847252484498,0.8260198634739342
1.6,35,2.6857991582155045,1.9342157307357215,-0.5530655243161111,0.825134551946728
1.6,36,2.68875644667749,1.9339686323435992,-0.5583636721623114,0.8247492571114099
1.6,37,2.6964417748919876,1.9379609910907216,-0.5662108770477384,0.8237459796604039
1.6,38,2.7019020207615463,1.940483923516404,-0.5737305927471679,0.8230314345090918
1.6,39,2.704590104778809,1.9421524596707944,-0.5737444033371356,0.8226791323119285
1.6,40,2.7124200833686674,1.9461964110405237,-0.5796255560646993,0.8216509333402429
1.7000000000000002,2,2.9801202884169595,2.0923541644153785,-0.4386216689993752,0.7847096684854452
1.7000000000000002,3,2.8074309301303386,2.009003731263134,-0.4025752139564977,0.808937657126662
1.7000000000000002,4,2.7032041659248573,1.97613492501309,-0.4040170715698754,0.8228608181889852
1.7000000000000002,5,2.725456422769468,1.969602910285968,-0.4549952683961749,0.819932463408636
1.7000000000000002,6,2.744928677131035,1.984443466926362,-0.4540378526111283,0.8173502562974351
1.7000000000000002,7,2.746057061682197,1.9608136399273532,-0.4335995113373098,0.817200058215877
1.7000000000000002,8,2.732725381267899,1.942463610818842,-0.4619970912660501,0.8189706803457242
1.7000000000000002,9,2.741660060483465,1.951211845829529,-0.4470399323463535,0.8177849900242541
1.7000000000000002,10,2.7074298723785257,1.932533821929537,-0.4442424407948973,0.8223065698205838
1.7000000000000002,11,2.5951542100022453,1.8879805757471928,-0.3951218211634427,0.8367386897095874
1.7000000000000002,12,2.5877658738683675,1.887928719784673,-0.3943226652484867,0.8376669677915726
1.7000000000000002,13,2.5932430839366916,1.8894514029532032,-0.4028943214788346,0.8369790592860444
1.7000000000000002,14,2.607013992410207,1.8906606121676093,-0.4222304070906612,0.8352430807797737
1.7000000000000002,15,2.602058217605706,1.8922020157779027,-0.4413461997858877,0.8358688711551623
1.7000000000000002,16,2.5923291570803957,1.8973259926094477,-0.4478919745836852,0.8370939447458201
1.7000000000000002,17,2.6042909957708646,1.8965666451064864,-0.4602495391922819,0.835587074515783
1.7000000000000002,18,2.606794840334463,1.897079726123137,-0.4680826087692934,0.8352707793677605
1.7000000000000002,19,2.6167362721229925,1.9039189317627343,-0.4748640301958075,0.8340119407394067
1.7000000000000002,20,2.6217707613382055,1.9113923256493912,-0.4860374449176539,0.8333726183933607
1.7000000000000002,21,2.620387758137531,1.913152123162584,-0.4889411650213876,0.8335483663454342
1.7000000000000002,22,2.628473785291839,1.9117777319540965,-0.4975106133688739,0.832519504053235
1.7000000000000002,23,2.6359363326615406,1.9166549912377555,-0.5059493105039292,0.831567160263029
1.7000000000000002,24,2.6362055071359665,1.9152190491635128,-0.512944703129258,0.8315327587219626
1.7000000000000002,25,2.6369373741064823,1.9112728954318656,-0.5186594116161464,0.831439205526721
1.7000000000000002,26,2.644919940275575,1.9134925813262351,-0.5252731690357966,0.8304171226080213
1.7000000000000002,27,2.6450730712142936,1.911413310376908,-0.5271358232301602,0.8303974856151987
1.7000000000000002,28,2.651299080060114,1.9146089688920265,-0.531615082300649,0.8295981205487057
1.7000000000000002,29,2.6576780829519353,1.9187494850566085,-0.5375549404675629,0.8287771632005102
1.7000000000000002,30,2.6696279408491046,1.926115969391629,-0.5441676112330582,0.8272339450436239
1.7000000000000002,31,2.6694373373814826,1.9245121061796675,-0.5438782857345411,0.8272586141243697
1.7000000000000002,32,2.6787463251630137,1.9290605234373197,-0.5460924047122908,0.8260517296192508
1.7000000000000002,33,2.6828664595704725,1.930765450043585,-0.546985883342064,0.8255162243257828
1.7000000000000002,34,2.6905995305473676,1.9363947331562188,-0.5506869723339327,0.8245089136447117
1.7000000000000002,35,2.6968159618149254,1.9393609174222912,-0.5553996291231429,0.823697058503465
1.7000000000000002,36,2.699304345373115,1.93935911280122,-0.5602324150715452,0.8233715548367637
1.7000000000000002,37,2.706285526679258,1.943229596503192,-0.5676897305678025,0.8224567489564457
1.7000000000000002,38,2.711048740933657,1.9457242666015175,-0.5747376212229584,0.8218312268118944
1.7000000000000002,39,2.713680317072232,1.9475650115203704,-0.5749005112753356,0.8214851671891402
1.7000000000000002,40,2.7208681053956285,1.951348278192934,-0.5805141360503522,0.8205382419771143
1.8,2,2.9841102850642063,2.0952516773516363,-0.4355491421829753,0.7841327905959715
1.8,3,2.8114010660531537,2.0094162269508464,-0.4004649317943762,0.8083968923933778
1.8,4,2.7133965518559138,1.9788950022578249,-0.4058086571860703,0.8215224992590275
1.8,5,2.737435771913798,1.975052343978098,-0.4557669437034012,0.8183460630795838
1.8,6,2.7572934448175275,1.9886946805927368,-0.4568874478834457,0.8157010270878229
1.8,7,2.7587846672442744,1.9670937786725968,-0.438173871558849,0.8155016249673981
1.8,8,2.747782154817911,1.9503174136136456,-0.4659732207631757,0.81697031355339
1.8,9,2.7567345242725936,1.957968071381721,-0.4521332411711259,0.8157757366130887
1.8,10,2.7245940975106735,1.9409265606721449,-0.4495230836741117,0.8200463909102962
1.8,11,2.61625950613832,1.8974922124711784,-0.4025936063964288,0.8340724208512074
1.8,12,2.609162300178442,1.8977306092637192,-0.4021348881738469,0.8349714332888296
1.8,13,2.6147098386553207,1.899476583869342,-0.4104428993962667,0.8342689276738102
1.8,14,2.627929119634726,1.9000132812399688,-0.4289416334356875,0.8325889066271622
1.8,15,2.623456833617263,1.9022946310298865,-0.4468778634859785,0.833158231878762
1.8,16,2.6138533702682656,1.907451774313509,-0.4530259903465474,0.8343774828754391
1.8,17,2.6252189858416464,1.9072683435175524,-0.4647532466375164,0.8329340243920478
1.8,18,2.627737266951589,1.9082247782178947,-0.4722940937264209,0.8326133495200918
1.8,19,2.636813566021835,1.914981404175748,-0.4789316621308406,0.8314550335091341
1.8,20,2.641371447010688,1.921816388789497,-0.4894626254810301,0.8308718509483444
1.8,21,2.639744892395099,1.9233936595940588,-0.4923998754853042,0.8310800847957771
1.8,22,2.646797756466579,1.920930957668284,-0.5004453127428447,0.8301762393120526
1.8,23,2.6534378788433384,1.9240757734935263,-0.5085649158016518,0.8293230838031779
1.8,24,2.653727430525317,1.922820925106013,-0.5151186633859189,0.8292858321418695
1.8,25,2.654302668670306,1.9200825645218127,-0.5205057409895734,0.8292118140317434
1.8,26,2.66137308287809,1.9202369959209569,-0.5266030489825098,0.8283007261358488
1.8,27,2.6615035834163256,1.91669933291604,-0.5285742722354192,0.8282838871611418
1.8,28,2.6670844300002283,1.9197683783298851,-0.5328385193951577,0.8275629968878311
1.8,29,2.672956074622388,1.9230634340476949,-0.5384589259684954,0.8268029134808802
1.8,30,2.68393874728765,1.92940134433126,-0.5446026531250049,0.8253767211475691
1.8,31,2.683960296017772,1.9287472687918965,-0.5444753124388797,0.8253739171156078
1.8,32,2.6924835413181736,1.933263346272278,-0.5467231119010661,0.8242630629717145
1.8,33,2.696473522801553,1.9347380137850791,-0.5476041381321487,0.8237418292057623
1.8,34,2.70364482365581,1.9394008806221847,-0.5512708792943121,0.8228030614622663
1.8,35,2.7093690735045435,1.942374823785264,-0.5558629418856353,0.8220519322341511
1.8,36,2.711487830628061,1.9427500064630108,-0.5602629013487028,0.8217735086260556
1.8,37,2.7178552906754705,1.9462056136538568,-0.5673201664256632,0.8209354576122214
1.8,38,2.722043647940781,1.9486612321838792,-0.5739157397084507,0.820383136696756
1.8,39,2.724619662717164,1.9506885537212084,-0.574205617361003,0.8200430138401021
1.8,40,2.7312452515564227,1.9547724472013623,-0.579537126941523,0.8191667295442953
1.9,2,2.9880361657903993,2.0995193279436934,-0.4324639783413334,0.7835644293098503
1.9,3,2.815507043984942,2.01106579676803,-0.3982461028987437,0.8078368210242248
1.9,4,2.723407508639274,1.9820213966092235,-0.4071996600552984,0.8202031000895769
1.9,5,2.748869296485351,1.9804835476300435,-0.4561418933302937,0.8168254559557369
1.9,6,2.768969529827139,1.993465654630474,-0.4591331141052551,0.8141368506696424
1.9,7,2.770887686143416,1.9727469143744136,-0.4418718708681142,0.8138792544377602
1.9,8,2.761834001676054,1.9572634052838376,-0.4689802063758509,0.8150935407999613
1.9,9,2.7708387418858167,1.9637653624747504,-0.4562198627001428,0.8138858295590159
1.9,10,2.740690657268658,1.9487348047567328,-0.4537556586345591,0.8179138233472629
1.9,11,2.6361416195322303,1.9060243929563612,-0.4088279048294468,0.8315409241232605
1.9,12,2.629396694809071,1.9067463383188443,-0.4086585497167762,0.8324018719271601
1.9,13,2.635015186892525,1.9089405885332116,-0.4166783361660475,0.8316848596827362
1.9,14,2.6477429910246815,1.9086184846889265,-0.4343182278095149,0.8300549214287027
1.9,15,2.643788108842901,1.9110852416760404,-0.4511128322330526,0.8305622295809832
1.9,16,2.634375432968956,1.9161180332389431,-0.4568605775803269,0.831766580046347
1.9,17,2.645262453811645,1.9164235235394376,-0.4679392500567648,0.8303731982600397
1.9,18,2.6478166882189433,1.917717023196332,-0.4751613951636287,0.8300454608052097
1.9,19,2.6561555417809393,1.9243642140069943,-0.4816122036186122,0.8289732886428344
1.9,20,2.660312832741716,1.9311390910699824,-0.4915287129289237,0.8284375035894866
1.9,21,2.6585098470383324,1.9320623787276952,-0.4944462678437755,0.8286699724213054
1.9,22,2.664693122947153,1.9304748339292896,-0.501985575531699,0.8278720721917529
1.9,23,2.670636567045831,1.933173402299451,-0.5097486350435184,0.8271033730754289
1.9,24,2.6709838182291055,1.9325961585215188,-0.5158597846346705,0.8270584081690842
1.9,25,2.6714694884854824,1.9302868489434024,-0.5209144462833561,0.8269955098295747
1.9,26,2.677762282846752,1.930737119959912,-0.526526525802695,0.8261795065700066
1.9,27,2.6779132802173304,1.9269174388730452,-0.5285641592726741,0.8261599027555537
1.9,28,2.682935167102916,1.9284681538011788,-0.532595379537071,0.8255072872404914
1.9,29,2.688353740764102,1.931463775342467,-0.5379093170405126,0.8248017492034022
1.9,30,2.6984782306554305,1.9383399196595967,-0.5435990528158453,0.8234796515987038
1.9,31,2.698709577603821,1.9376998546176312,-0.5436092040908397,0.8234493832837602
1.9,32,2.706527279250882,1.94127306631718,-0.5458672512219394,0.8224250276512232
1.9,33,2.7103969696137287,1.9428946179368627,-0.5467227459760517,0.8219168846871683
1.9,34,2.717070303108418,1.9465476483074415,-0.5503212218859398,0.8210388797044579
1.9,35,2.7223692107979662,1.9483852518596376,-0.5547506911064299,0.820340168924194
1.9,36,2.724190653118559,1.9486177857495532,-0.5587488444985201,0.820099680241926
1.9,37,2.7300194625723555,1.9510872015876444,-0.565399391259875,0.8193290098735546
1.9,38,2.7337293510924128,1.953633578796832,-0.5715604429264872,0.8188376400032729
1.9,39,2.7362398036627154,1.9566811708140237,-0.5719541874834566,0.8185047553019823
1.9,40,2.742365113182297,1.9603219023429064,-0.576993084180208,0.8176912601666388
2.0,2,2.9919240795953614,2.104059216188322,-0.4293842143426808,0.7830008281695338
2.0,3,2.819758190205101,2.0140777198710995,-0.3959510727184014,0.8072560869042263
2.0,4,2.7332309573304223,1.9850236049191736,-0.4082292882761701,0.8189036904040315
2.0,5,2.759791755003879,1.98546740903537,-0.4561601723309198,0.8153668989980991
2.0,6,2.7799898883779455,1.9986755543287515,-0.4608323552299657,0.812654454747725
2.0,7,2.7823624264220648,1.9800388184774256,-0.4448007499783503,0.8123345441578034
2.0,8,2.77490482174282,1.9637811425726703,-0.4711515785675896,0.8133392006123948
2.0,9,2.7839727817929374,1.968711185631748,-0.459431975509444,0.8121172500146958
2.0,10,2.7556939655985673,1.9558381866269416,-0.4570811339227837,0.8159147851683071
2.0,11,2.654751466122272,1.9144509778665963,-0.4139850429853173,0.8291540543921663
2.0,12,2.6483775098065077,1.9158930242106005,-0.4140591700311181,0.8299734586390987
2.0,13,2.6540411116493616,1.9179862810821715,-0.4217732317651188,0.8292454715710373
2.0,14,2.6663136895811173,1.916914797862876,-0.438545575374922,0.8276626450002587
2.0,15,2.662864556912751,1.9190808791474767,-0.4542421918337674,0.8281082264315741
2.0,16,2.6536704150496195,1.9240386682106032,-0.4595933679684307,0.8292931676691101
2.0,17,2.6641435990053366,1.9247821727099488,-0.4700176078613897,0.8279430587255234
2.0,18,2.666736271442991,1.9261188003554488,-0.4769024713731956,0.8276080134602806
2.0,19,2.6744329388517545,1.932680119292195,-0.4831343373373296,0.8266114705698538
2.0,20,2.6782423702729075,1.9394057597250016,-0.4924627466860691,0.8261171735432898
2.0,21,2.676309412193568,1.940590865422993,-0.4953180732872592,0.8263680746035602
2.0,22,2.6817586064057877,1.939201781979324,-0.5023708799733149,0.8256602959709294
2.0,23,2.6871027726237897,1.9414093302459523,-0.5097510287384839,0.8249647608147206
2.0,24,2.687523153563777,1.941250508626237,-0.5154261727454937,0.8249099901265151
2.0,25,2.687960632060246,1.9392761551240725,-0.5201463496195704,0.8248529827302925
2.0,26,2.693588664986743,1.939885220269069,-0.5253046206101485,0.8241187717236458
2.0,27,2.693787408644497,1.9367072756611368,-0.5273740343577283,0.8240928163365728
2.0,28,2.6983179140570837,1.9383954612836984,-0.5311621651058942,0.8235006251243355
2.0,29,2.7033287025522275,1.9412637300547233,-0.5361802955999686,0.8228444962073047
2.0,30,2.7126832220840744,1.9476846394377476,-0.5414346943092889,0.8216163274759021
2.0,31,2.713107906204182,1.947383930003166,-0.5415604059447665,0.8215604693923362
2.0,32,2.7202870121787903,1.950422602685048,-0.5438070971048818,0.820614888745948
2.0,33,2.724034606636085,1.9524878980203295,-0.5446276141925483,0.820120289671763
2.0,34,2.730256268064007,1.955103356473548,-0.5481316762583147,0.8192976652338583
2.0,35,2.7351749842408246,1.9568858454446008,-0.5523670459480692,0.8186459871175306
2.0,36,2.73675122434509,1.9575483138537215,-0.5559934589396381,0.8184369037225033
2.0,37,2.74210307931896,1.9589807652509543,-0.5622352092116125,0.8177260978189403
2.0,38,2.7454103099460427,1.96118033898621,-0.5679792156394317,0.8172861542107814
2.0,39,2.7478409799400905,1.9640312997699017,-0.5684551179076757,0.8169624767902774
2.0,40,2.753514120744143,1.9672346043697084,-0.5731959810800675,0.8162059049381927
2.1,2,2.9957943113944157,2.109821637475262,-0.4263248230762054,0.7824390623877467
2.1,3,2.824160886721492,2.01720056954565,-0.3936070741103929,0.8066537264301341
2.1,4,2.7428673378954853,1.9892623252177448,-0.4089326391658373,0.8176244796069836
2.1,5,2.7702443248316717,1.9915410365960051,-0.4558567839723565,0.8139656736645631
2.1,6,2.790402186128718,2.0032499731098192,-0.4620365845240696,0.811248441925603
2.1,7,2.7932326552124773,1.9867052009867048,-0.4470543391710403,0.810865324097167
2.1,8,2.787063054987388,1.970164896504525,-0.4726032759843481,0.8116999102516063
2.1,9,2.796190602564528,1.9737669919571512,-0.4618848885966315,0.8104645364054566
2.1,10,2.769649832566968,1.9620489506002183,-0.4596234375852605,0.8140455107389182
2.1,11,2.6721317932009994,1.9227082006146212,-0.4182087262149704,0.8269097174268861
2.1,12,2.666122155474837,1.9240376059516269,-0.4184866005566151,0.8276874037492526
2.1,13,2.6717928965552327,1.9263164164470024,-0.4258845460247134,0.8269536194503792
2.1,14,2.6836336813599475,1.9251318774856248,-0.4417925821889215,0.8254164154849275
2.1,15,2.680653192615977,1.9270664865945688,-0.4564400170797844,0.825803991077313
2.1,16,2.671685745041021,1.9310249568731652,-0.4614046728086481,0.8269674991263931
2.1,17,2.6817793515917843,1.9324880116013805,-0.4711799401359167,0.8256575986934288
2.1,18,2.6844022790885873,1.933918864498095,-0.477716794505897,0.8253163990312652
2.1,19,2.691530486069356,1.939882618738365,-0.4837077039643803,0.8243874517489053
2.1,20,2.695028805648105,1.9464491629881504,-0.4924738910318843,0.8239306498889507
2.1,21,2.6929993795077345,1.9476810873746904,-0.495234761035831,0.8241957195649394
2.1,22,2.697827473902474,1.946720356531822,-0.5018224657291867,0.8235647795470302
2.1,23,2.702649590721209,1.9489488486578188,-0.508803639843175,0.8229334926263593
2.1,24,2.7031451041170027,1.9489076705303947,-0.5140557838972911,0.8228685586668658
2.1,25,2.7035597874818103,1.9467250994865488,-0.5184431867186632,0.822814207832234
2.1,26,2.708618510070566,1.9474703431877256,-0.5231793158174064,0.8221505107661016
2.1,27,2.708880250418044,1.9451793740739272,-0.525252883811305,0.822116137054133
2.1,28,2.712974058502497,1.9466470065965056,-0.5287948599238118,0.8215780751291892
2.1,29,2.7176164846541897,1.9493918997860613,-0.5335270802418759,0.8209669234613605
2.1,30,2.7262732739287054,1.9553857198419904,-0.5383680718226451,0.8198245105411237
2.1,31,2.7268682411289356,1.9555630579646104,-0.5385903693908214,0.8197458609026219
2.1,32,2.733465892790621,1.9583851153613352,-0.5408069539688687,0.8188725567208395
2.1,33,2.737084307210368,1.9604090626300228,-0.5415864801326246,0.8183927058897152
2.1,34,2.742890471788405,1.9629270187405703,-0.5449769610347843,0.8176214032106199
2.1,35,2.747460892577698,1.9647360752731595,-0.548996420011877,0.817013109587713
2.1,36,2.7488301273728273,1.9655072464650376,-0.5522803363437747,0.8168306760898618
2.1,37,2.7537562880982356,1.9671502166386263,-0.5581160772196498,0.8161735746976395
2.1,38,2.7567213040287433,1.968105575366937,-0.5634609429998092,0.815777503546991
2.1,39,2.759058533715974,1.9713143688905488,-0.5639999890832397,0.8154649925853386
2.1,40,2.7643180450105427,1.9746643876989085,-0.568442536856559,0.8147607748078012
2.2,2,2.9996620103481466,2.1154680197438323,-0.4232980954855073,0.7818769387545017
2.2,3,2.8287179929737123,2.020384730577701,-0.3912369222430942,0.8060292504000048
2.2,4,2.7523203010420336,1.993465473047033,-0.4093414716749172,0.816365242741983
2.2,5,2.7802686500407647,1.997316293610756,-0.4552628609337592,0.8126168809606144
2.2,6,2.80025945930716,2.007250357874481,-0.4627921408972092,0.8099125327287126
2.2,7,2.803535910992653,1.992800419144875,-0.4487143023378998,0.8094674477119024
2.2,8,2.798395470376418,1.975909503667604,-0.4734347885609604,0.8101655114354271
2.2,9,2.8075708002300197,1.97911223469378,-0.4636776463579644,0.8089186186709926
2.2,10,2.782638866281578,1.9675772945693577,-0.4614892809236323,0.8122972515399047
2.2,11,2.688371886615258,1.930461348458545,-0.4216245760229032,0.8247993840889734
2.2,12,2.6827061520238593,1.9312670081482477,-0.4220726188018739,0.8255370753303
2.2,13,2.688343138208393,1.9336461281282291,-0.4291504258733293,0.8248031311238861
2.2,14,2.6997697739836415,1.9329212692809423,-0.4442077001513528,0.8233106391276329
2.2,15,2.697208781596964,1.934374872858344,-0.4578587300279397,0.8236456939847774
2.2,16,2.688467527477065,1.9380340163490315,-0.4624520733741405,0.8247869180785692
2.2,17,2.698199728631406,1.9397630673023591,-0.471593309105817,0.8235160860133731
2.2,18,2.7008398601633568,1.9413956771751877,-0.4777785162540648,0.8231705454680618
2.2,19,2.7074592301366356,1.9465285812893975,-0.4835153098159618,0.8223027161960985
2.2,20,2.7106729634380984,1.952893288596774,-0.4917451936734844,0.821880615208555
2.2,21,2.7085726640199344,1.9540155860932424,-0.4943885750041599,0.8221565312726093
2.2,22,2.7128747096887067,1.953661933628863,-0.5005339921004676,0.8215911424727359
2.2,23,2.7172376923403956,1.9556751685291556,-0.5071091517660461,0.8210168286834054
2.2,24,2.7178027463793946,1.956344110116443,-0.511956316028669,0.8209423812548553
2.2,25,2.7182105228901485,1.953963251915872,-0.5160166306042308,0.8208886459580755
2.2,26,2.7227813252617006,1.9539659124582367,-0.520362220032777,0.820285770704589
2.2,27,2.723112773998236,1.952656724457094,-0.522418415099305,0.8202420142124883
2.2,28,2.7268158525850184,1.9543501013671305,-0.5257168838382131,0.8197527869146881
2.2,29,2.731125379270998,1.956591633715932,-0.530173192869383,0.8191826024665139
2.2,30,2.739144845191328,1.961940952097191,-0.5346251684527732,0.8181191669399092
2.2,31,2.739885202345497,1.9624286468492775,-0.5349279628287708,0.8180208333492386
2.2,32,2.7459516530065224,1.964996213572876,-0.5370989549184351,0.8172140916678594
2.2,33,2.749432723363082,1.9671465759714064,-0.5378344240763945,0.8167503588687943
2.2,34,2.754854022208574,1.9693874294650071,-0.5410980605712726,0.8160269874642352
2.2,35,2.7591006486531184,1.9711451548275845,-0.5448882386690187,0.8154593589683219
2.2,36,2.7602919769544174,1.972130857172609,-0.5478579741250231,0.8152999621360602
2.2,37,2.7648359066245876,1.9739516603465816,-0.5532950773024462,0.814691363641587
2.2,38,2.7675079159293747,1.974484787549309,-0.5582594103792194,0.8143330163989186
2.2,39,2.7697412117825424,1.9774478675033749,-0.5588457182782417,0.8140332401222672
2.2,40,2.7746193446470353,1.980598598290689,-0.562994287001453,0.8133776052750951
2.3000000000000003,2,3.0035379678531378,2.1208076266259783,-0.4203139973734496,0.7813128872577997
2.3000000000000003,3,2.8334288885312775,2.0247997850722768,-0.3888596369749077,0.8053826416975557
2.3000000000000003,4,2.761594903682804,1.9979745729415692,-0.4094848337540048,0.815125554925065
2.3000000000000003,5,2.7899038534649647,2.0026214740483015,-0.4544066540669117,0.811315853475161
2.3000000000000003,6,2.8096148125804143,2.010732153971627,-0.4631412574979575,0.8086402891778871
2.3000000000000003,7,2.813315317817582,1.9983734530683848,-0.4498517325822584,0.8081358827080017
2.3000000000000003,8,2.8089920641403525,1.9821214789701551,-0.4737311105127375,0.8087251091710252
2.3000000000000003,9,2.81819918724598,1.9854158095057608,-0.4648947602821828,0.8074691585527928
2.3000000000000003,10,2.794754119418576,1.97337001366972,-0.4627695426225017,0.8106592259689871
2.3000000000000003,11,2.7035792559462624,1.93812922161934,-0.4243407938301579,0.822811655976172
2.3000000000000003,12,2.6982305386317926,1.93794668219372,-0.4249310616226282,0.8235120555478408
2.3000000000000003,13,2.7037952240986765,1.940140974231985,-0.4316899854955951,0.8227833464175499
2.3000000000000003,14,2.714823467388048,1.9400792010644992,-0.4459183839843692,0.8213347351218223
2.3000000000000003,15,2.7126290948552985,1.940831095698858,-0.4586283150351996,0.8216234461231846
2.3000000000000003,16,2.7041108154062927,1.944021717054518,-0.4628693414551643,0.8227419739800651
2.3000000000000003,17,2.713492210452102,1.9459720473486244,-0.4713988978312628,0.8215099148779453
2.3000000000000003,18,2.7161351821575597,1.9482805629299047,-0.4772347909471501,0.8211620428737844
2.3000000000000003,19,2.7222958863475553,1.9528619141145636,-0.4827115456497503,0.8203498467305069
2.3000000000000003,20,2.725245403944866,1.958511412852515,-0.4904312014809016,0.8199603458349458
2.3000000000000003,21,2.7230949231390627,1.959476172746814,-0.4929418270060331,0.8202443709448299
2.3000000000000003,22,2.726951480488605,1.959393100511014,-0.4986686755683415,0.8197348559938428
2.3000000000000003,23,2.730907890565621,1.9619114961796864,-0.5048383186377724,0.819211399515655
2.3000000000000003,24,2.731533051971153,1.9627880426215816,-0.5093021154255424,0.8191286175276438
2.3000000000000003,25,2.731944230303717,1.9606837000437096,-0.5130446635371786,0.8190741602031048
2.3000000000000003,26,2.736096834080488,1.9603131206509687,-0.5170307947596873,0.8185237211991757
2.3000000000000003,27,2.736498874402454,1.9591817444155737,-0.5190531684279354,0.8184703852637989
2.3000000000000003,28,2.7398512082336453,1.9609384688452152,-0.5221151384806009,0.8180253489995759
2.3000000000000003,29,2.7438602469956876,1.963113877098708,-0.5263060226603231,0.8174924170117892
2.3000000000000003,30,2.751294127358359,1.9679829000945952,-0.5303948875002509,0.8165021497917062
2.3000000000000003,31,2.752155763980597,1.9685765989840127,-0.5307646518360106,0.8163871979048243
2.3000000000000003,32,2.757736407871978,1.970945931302443,-0.5328778350549179,0.8156418065549289
2.3000000000000003,33,2.761073235700719,1.97310513335949,-0.5335685196728561,0.8151953942555741
2.3000000000000003,34,2.766137225755795,1.9754988802018671,-0.5366968353220279,0.8145168849878336
2.3000000000000003,35,2.7700807728870687,1.9769578246773851,-0.5402513810012555,0.8139876395088006
2.3000000000000003,36,2.771117487739092,1.9780775982236103,-0.5429341188420438,0.8138483815748021
2.3000000000000003,37,2.7753168039911578,1.980033688563081,-0.5479839380847014,0.8132837704990176
2.3000000000000003,38,2.77773669693659,1.9802977370202908,-0.5525870242801519,0.8129580201051826
2.3000000000000003,39,2.77985964429282,1.982784586747726,-0.5532077471268395,0.8126720088242011
2.3000000000000003,40,2.7843845737498563,1.9856279225756577,-0.5570704770111851,0.8120616644660216
2.4000000000000004,2,3.0074293708029356,2.125864717954767,-0.4173804941286868,0.7807458553340978
2.4000000000000004,3,2.838289848554933,2.0302317617346004,-0.386490986952721,0.8047143075157459
2.4000000000000004,4,2.77069670509217,2.0031831373237443,-0.4093895352851492,0.8139049099782941
2.4000000000000004,5,2.799185345659203,2.007495209573466,-0.4533142782035796,0.8100583309216306
2.4000000000000004,6,2.8185186968055658,2.0148037368260012,-0.4631228605862125,0.8074255002253392
2.4000000000000004,7,2.822615006279302,2.003468128552087,-0.4505287646805612,0.8068653350686394
2.4000000000000004,8,2.818938257191838,1.9886971778267952,-0.473564917880069,0.807368163266578
2.4000000000000004,9,2.8281593855015994,1.9917799903631608,-0.4656083484765438,0.8061058524590929
2.4000000000000004,10,2.80608863343486,1.9801020332940051,-0.4635413376701445,0.8091203159685737
2.4000000000000004,11,2.717863414395441,1.9455258432710183,-0.426449908475781,0.8209343871561321
2.4000000000000004,12,2.712802676294734,1.9439132467244855,-0.4271593312123795,0.8216006167214793
2.4000000000000004,13,2.7182614548401647,1.9461390368394824,-0.4336047295559105,0.8208819337656827
2.4000000000000004,14,2.7289069782627675,1.94677153007897,-0.4470325002159276,0.8194762269113547
2.4000000000000004,15,2.7270274168682893,1.9467136495463488,-0.458857755958143,0.8197248163043882
2.4000000000000004,16,2.718728941174979,1.9493526930046303,-0.4627678829960353,0.8208203190534382
2.4000000000000004,17,2.7277671607620992,1.9514441495416297,-0.4707135080903225,0.819626998766473
2.4000000000000004,18,2.7303992176805396,1.9542923277356536,-0.4762071697420821,0.819278742463863
2.4000000000000004,19,2.7361447055565757,1.9583379221536923,-0.4814235714665228,0.8185173708293842
2.4000000000000004,20,2.7388468724271187,1.9636819632080236,-0.4886591240030176,0.8181587359221034
2.4000000000000004,21,2.7366636522130925,1.964368700168896,-0.4910280052955051,0.8184485230563362
2.4000000000000004,22,2.740143260147363,1.9642722331254183,-0.4963603817614228,0.8179865520915979
2.4000000000000004,23,2.7437379063500527,1.9670774688934352,-0.5021310456058966,0.8175086915999636
2.4000000000000004,24,2.744412191706676,1.9681069016469932,-0.5062353769375861,0.8174189845351143
2.4000000000000004,25,2.7448337059140435,1.9663179028391944,-0.5096725005154705,0.8173628949998566
2.4000000000000004,26,2.748627845109064,1.9661917521439312,-0.5133292718402719,0.8168576334065958
2.4000000000000004,27,2.7490975123661205,1.965373507063182,-0.5153054795911355,0.8167950397586119
2.4000000000000004,28,2.7521347458058085,1.9671443050304225,-0.5181410666092666,0.8163900023908799
2.4000000000000004,29,2.755872953310568,1.9692490058814505,-0.5220775821405381,0.815890871002309
2.4000000000000004,30,2.76276657935531,1.973767314875116,-0.5258298442813033,0.8149686464362855
2.4000000000000004,31,2.763727376073683,1.974522076037158,-0.5262551950875795,0.8148399287725271
2.4000000000000004,32,2.7688639576166336,1.9768505321083385,-0.528301384465364,0.8141510231690161
2.4000000000000004,33,2.7720519434647084,1.97887530344122,-0.5289482786369843,0.8137228150655648
2.4000000000000004,34,2.776784236828553,1.981105584427979,-0.5319365621801398,0.8130862680284507
2.4000000000000004,35,2.7804436115999525,1.9825899263356968,-0.535254739905363,0.812593296279873
2.4000000000000004,36,2.7813452637637077,1.9836427611544452,-0.5376763166699853,0.8124717307446317
2.4000000000000004,37,2.785233033375982,1.9848947908928525,-0.542353440274226,0.8119471096114257
2.4000000000000004,38,2.787435317529726,1.985213406663424,-0.5466150546145748,0.8116496051453972
2.4000000000000004,39,2.7894454393764,1.987557103225244,-0.5472600044866949,0.8113778544397001
2.4000000000000004,40,2.7936426098504152,1.9901767394000085,-0.5508479373483517,0.8108098025298175
2.5,2,3.0113404900887035,2.1306774542220275,-0.4145038411214364,0.7801752107003457
2.5,3,2.8432945666317693,2.035945480395066,-0.3841439595100162,0.8040250111003779
2.5,4,2.7796313611590673,2.0088247635328496,-0.4090804836110202,0.8127027744530072
2.5,5,2.808144623937745,2.0124653567069166,-0.4520102248788255,0.8088405025773404
2.5,6,2.8270177188311507,2.0191620079890913,-0.4627731664895634,0.8062623625959384
2.5,7,2.831477741595028,2.008123624105478,-0.4508000337014877,0.8056505830040754
2.5,8,2.828311513542967,1.994706431836673,-0.4729986439134276,0.8060849925808478
2.5,9,2.8375284092509783,1.9975921994105603,-0.4658802627733424,0.804819073599382
2.5,10,2.816729284414366,1.9871147565068243,-0.4638702328782668,0.8076699448045096
2.5,11,2.7313275329018265,1.953854572729285,-0.4280309277580604,0.8191558338337006
2.5,12,2.7265259746776724,1.9494841906363432,-0.4288404892999398,0.8197911077331969
2.5,13,2.7318511018460536,1.9517334405296556,-0.4349807211876566,0.8190864950502357
2.5,14,2.7421300449059154,1.9527009402278703,-0.4476406568250413,0.8177225128720699
2.5,15,2.7405170814617086,1.9518946826501329,-0.4586375412525909,0.81793688669746
2.5,16,2.7324362318871778,1.9543714382057595,-0.4622394129261618,0.8190089877049235
2.5,17,2.741138163046233,1.9562714319385408,-0.4696324511171096,0.8178543556591874
2.5,18,2.743747026142777,1.95973897491296,-0.4747945434204453,0.8175074784478847
2.5,19,2.7491155640486165,1.9633943822418287,-0.479754415906847,0.8167926337554656
2.5,20,2.7515853451981647,1.968273394861496,-0.4865318332835449,0.8164633021271481
2.5,21,2.749384423239988,1.968710449173207,-0.4887548775629077,0.8167567972168974
2.5,22,2.7525453753620512,1.9690543586278029,-0.4937167872720347,0.8163352076053958
2.5,23,2.7558170147410936,1.9718216020401456,-0.4990996557666506,0.8158983450019857
2.5,24,2.7565292227350047,1.9727151440751471,-0.5028696015417187,0.8158031749578879
2.5,25,2.756965785937831,1.9709317924909524,-0.5060159480552657,0.8157448262758241
2.5,26,2.760452440438,1.9711809070967263,-0.5093720824292617,0.8152784872535481
2.5,27,2.7609843146269086,1.9704725428995389,-0.5112930340014328,0.8152072974236325
2.5,28,2.763738666434754,1.9723263357911431,-0.5139143848128531,0.8148384159400036
2.5,29,2.767232950785128,1.9742618496212263,-0.5176080714726773,0.8143699083713003
2.5,30,2.7736267983426193,1.9784883194239349,-0.5210500602139262,0.8135110997940921
2.5,31,2.774667002743869,1.979329708968038,-0.5215213393609772,0.8133711942014027
2.5,32,2.7793982254182867,1.9816198614323952,-0.5234940185509317,0.8127341914580465
2.5,33,2.78243528765136,1.9835313615435417,-0.5240992814964518,0.8123247153053776
2.5,34,2.7868599351449457,1.9856573104870157,-0.5269457182066964,0.811727355695127
2.5,35,2.7902531664943884,1.987147480282856,-0.5300311321113709,0.8112686016984361
2.5,36,2.7910367599954604,1.9881969507387152,-0.5322158617293653,0.8111625830296626
2.5,37,2.7946423070250592,1.98944752181857,-0.5365373385856185,0.8106743759397774
2.5,38,2.796656361939934,1.9898283087963284,-0.5404774890486335,0.8104013895861707
2.5,39,2.798554440270024,1.9920256602159927,-0.5411386583488453,0.8101439427715716
2.5,40,2.802447310650331,1.9944169759363417,-0.5444648756995489,0.8096153848450846
2.6,2,3.0152732863646814,2.1353723666117244,-0.4116888402284331,0.7796006555153332
2.6,3,2.8484347127428853,2.042587848210896,-0.3818291644548679,0.8033157981821228
2.6,4,2.7884044673797272,2.0142774853904113,-0.4085809093721135,0.8115186091083206
2.6,5,2.8168095473852777,2.0171761563690365,-0.450517680472091,0.8076589837216323
2.6,6,2.8351542917456043,2.0235456978381348,-0.4621260923220386,0.8051455468780244
2.6,7,2.839943817668239,2.012375071913403,-0.4507139125417374,0.804486641821638
2.6,8,2.8371804216330503,2.000197007855785,-0.4720862982650063,0.8048669436969049
2.6,9,2.846375115572392,2.003139677374189,-0.4657639906218616,0.8036001254099141
2.6,10,2.826754338689174,1.994348974200904,-0.4638123154577435,0.8062984601903382
2.6,11,2.7440648456866685,1.9618584703157065,-0.4291514945855167,0.8174651982751265
2.6,12,2.739495124053974,1.9566063277577472,-0.4300454614518688,0.8180726465195138
2.6,13,2.744664690207852,1.958650659660698,-0.4358909368351437,0.8173853864089589
2.6,14,2.75459355446102,1.9584244359567913,-0.4478188032409717,0.8160617746220733
2.6,15,2.7532037112525902,1.9576434058680168,-0.4580425013203288,0.81624734159937
2.6,16,2.7453393295576523,1.9590564286962089,-0.461359029873954,0.8172956019294255
2.6,17,2.753712007860614,1.960509573091064,-0.4682329073605101,0.8161794864861186
2.6,18,2.7562871268230458,1.964529239237353,-0.4730766367670249,0.8158355282082996
2.6,19,2.761312661812983,1.9677877680984672,-0.4777867018492277,0.8151633422504709
2.6,20,2.763564020287975,1.9723552193815248,-0.48413156461824,0.8148618166586292
2.6,21,2.7613584424391675,1.972724097105256,-0.4862083731865589,0.8151572132755113
2.6,22,2.7642501192390267,1.9733713702902729,-0.4908233529686464,0.8147698782195579
2.6,23,2.767232591957244,1.9760640165566792,-0.4958330284104877,0.8143699565127107
2.6,24,2.7679720342571392,1.977063938076279,-0.4992939480380566,0.8142707374980759
2.6,25,2.768426710712266,1.975526147616815,-0.5021657674766338,0.8142097154520473
2.6,26,2.771649091547779,1.9759567306705788,-0.5052483218961289,0.8137769530613644
2.6,27,2.772236258078024,1.975490881201888,-0.5071074823843211,0.8136980429837732
2.6,28,2.7747369971888074,1.9773095960625868,-0.5095279051022027,0.8133617781926179
2.6,29,2.778011446734604,1.9791205652203925,-0.5129906235890821,0.812921017110789
2.6,30,2.783942172203971,1.9829175814280056,-0.5161478771761633,0.8121213815077711
2.6,31,2.785044342366923,1.9836596894213168,-0.5166567859069204,0.8119725887632642
2.6,32,2.7894061061113216,1.9858017921064255,-0.518551698804052,0.8113831738285927
2.6,33,2.7922924577034594,1.987562202084996,-0.5191181916841738,0.8109926275090018
2.6,34,2.796431979799501,1.989220188108506,-0.5218231579203314,0.8104318122265521
2.6,35,2.799576542494536,1.9906910821231825,-0.5246826497947031,0.8100052370654979
2.6,36,2.800257172879246,1.9917245317484624,-0.5266532057542745,0.809912843143601
2.6,37,2.8036065782643766,1.992966003428959,-0.530637815915861,0.809457842280927
2.6,38,2.8054574831917263,1.9933975169632177,-0.5342764787188888,0.8092061722804298
2.6,39,2.807246693893416,1.9954513765317103,-0.5349475668535574,0.8089627330433513
2.6,40,2.8108571096709505,1.997702313451886,-0.5380264361734068,0.8084710288456729
2.7,2,3.0192279286025117,2.139864043949822,-0.4089390644367614,0.7790221526453028
2.7,3,2.8537004634446457,2.0490163016071303,-0.3795551807427594,0.8025879266379607
2.7,4,2.7970215080874112,2.0203638365415046,-0.4079125118536552,0.81035187637268
2.7,5,2.82520478614434,2.0222888704881763,-0.4488586971496858,0.8065107661855717
2.7,6,2.8429667018095044,2.0280969664930706,-0.4612135166182771,0.8040702048703675
2.7,7,2.8480506294898724,2.016254143804043,-0.4503135202557882,0.8033688364452729
2.7,8,2.845605009732841,2.0054936461024626,-0.4708749809131868,0.8037063856345827
2.7,9,2.854760156365451,2.0083902654094414,-0.465306249734594,0.8024412854464622
2.7,10,2.8362330149394586,2.002001608985711,-0.4634159814554785,0.8049972417180074
2.7,11,2.756157710952835,1.9692175750558965,-0.4298698416934586,0.8158528219405912
2.7,12,2.751794482837066,1.9637912013465784,-0.4308350913778261,0.8164354012005496
2.7,13,2.75679190762005,1.9653117167479048,-0.4363974968742782,0.8157680670207879
2.7,14,2.766387176561771,1.96509179229728,-0.4476307311320364,0.8144833626099108
2.7,15,2.765182044610792,1.9639744872617213,-0.4571345554926326,0.8146449620644465
2.7,16,2.7575336417524423,1.9642568122883903,-0.4601882088895376,0.815668915905277
2.7,17,2.765584466898467,1.9662884869466424,-0.4665772159678652,0.8145910079848374
2.7,18,2.7681169557714975,1.969292307097647,-0.4711174654474747,0.8142512886956542
2.7,19,2.7728296335750353,1.9724269703265611,-0.4755863510432839,0.8136182814938361
2.7,20,2.7748759800095524,1.9760028982906452,-0.4815236379153273,0.8133430808125135
2.7,21,2.7726770107635144,1.976445604852053,-0.4834565116432646,0.8136387986714377
2.7,22,2.7753409505716458,1.9772724933887251,-0.4877473492412296,0.8132805214443001
2.7,23,2.7780639699565732,1.9796969994799003,-0.492400811046651,0.8129139429255157
2.7,24,2.778820838394543,1.9806280325122565,-0.4955776527749506,0.8128119878788881
2.7,25,2.779295329466134,1.9793330291348896,-0.4981921664139094,0.8127480567162331
2.7,26,2.78228974002055,1.9798881986499297,-0.5010263464532932,0.8123443491698098
2.7,27,2.782924451084294,1.9796399672085765,-0.5028191826938944,0.8122587213491526
2.7,28,2.7851981369727943,1.9813997514477888,-0.5050524766265795,0.8119518218407399
2.7,29,2.7882739879668157,1.983153292505411,-0.5082962263814085,0.8115362481317264
2.7,30,2.7937751131048634,1.9867027492649092,-0.5111930526494258,0.8107918554156914
2.7,31,2.794923877849362,1.987506706467426,-0.5117323573651246,0.8106362234668011
2.7,32,2.7989493290527205,1.989593557713359,-0.5135471033460491,0.8100903598819948
2.7,33,2.8016870600559276,1.991249554728472,-0.5140780279282045,0.8097186662760549
2.7,34,2.805562357088285,1.9928645056522871,-0.5166435346338716,0.8091919074653208
2.7,35,2.8084751862716812,1.9942850997805872,-0.5192862667562619,0.8087954950315648
2.7,36,2.8090663531629603,1.9952818841829545,-0.5210636247270003,0.8087149917963481
2.7,37,2.8121827846894174,1.9964632153356363,-0.5247312311086179,0.8082903259236237
2.7,38,2.813891898952639,1.9967865974612975,-0.5280881095705741,0.8080572306166484
2.7,39,2.815576967327545,1.9986948904905135,-0.528764110291175,0.8078272761298667
2.7,40,2.8189253252815982,2.000811055884046,-0.5316106658213869,0.8073699306638608
2.8000000000000003,2,3.0232032287294164,2.144396212586356,-0.406257053199821,0.778439863664104
2.8000000000000003,3,2.859080973044887,2.055340017203721,-0.3773288544688071,0.8018428036575393
2.8000000000000003,4,2.8054878384268296,2.027589709161547,-0.4070955498463721,0.8092020434544795
2.8000000000000003,5,2.833352285053151,2.028475613856022,-0.4470542619593987,0.8053931647532651
2.8000000000000003,6,2.8504893513002747,2.0323215982822793,-0.4600654305108586,0.8030319505718048
2.8000000000000003,7,2.855832581001307,2.022531739580411,-0.4496375227988656,0.8022928270008786
2.8000000000000003,8,2.85363757943793,2.011997232316056,-0.4694060993880545,0.8025966268680853
2.8000000000000003,9,2.862736615445404,2.0146261433112516,-0.4645482683507851,0.8013357491444426
2.8000000000000003,10,2.845226013506042,2.0091339348239554,-0.4627234070240518,0.8037586694791501
2.8000000000000003,11,2.767678019162407,1.9762384695811557,-0.4302364610934769,0.8143101918753843
2.8000000000000003,12,2.7634981249298187,1.9711932689645713,-0.4312619270482135,0.8148706455486877
2.8000000000000003,13,2.7683114591228373,1.971372263420536,-0.4365536241913963,0.8142251842956331
2.8000000000000003,14,2.777589162853339,1.971119558756528,-0.4471302943674669,0.8129778883196426
2.8000000000000003,15,2.776535293533499,1.96985904915296,-0.4559651578012571,0.8131197807759836
2.8000000000000003,16,2.769102619369802,1.969980236208578,-0.4587774690827842,0.8141189833469795
2.8000000000000003,17,2.776839276679074,1.9727971174540604,-0.4647158189804334,0.8130788581579321
2.8000000000000003,18,2.779321715361582,1.9755522223610729,-0.4689684497629137,0.8127445012584169
2.8000000000000003,19,2.7837482432465572,1.9773905142849504,-0.4732059292563862,0.8121475557839013
2.8000000000000003,20,2.7856026202138633,1.981065434836508,-0.4787598393447576,0.811897198897629
2.8000000000000003,21,2.7834198802697214,1.9807891734145353,-0.4805529852367154,0.8121918702436709
2.8000000000000003,22,2.7858907060701656,1.9808210909437631,-0.4845415269245426,0.8118582898599391
2.8000000000000003,23,2.788380443450061,1.9831783888295993,-0.4888572755075309,0.8115218568754398
2.8000000000000003,24,2.7891459650028088,1.9835797368033856,-0.4917740724921473,0.8114183531466085
2.8000000000000003,25,2.7896407788236814,1.9824451509184395,-0.4941489397493597,0.8113514358295759
2.8000000000000003,26,2.792437417042195,1.9830807922377056,-0.4967580077155709,0.810973002705849
2.8000000000000003,27,2.793111552529238,1.9831683316194937,-0.4984815595013411,0.8108817238912746
2.8000000000000003,28,2.795182171285236,1.984899994297889,-0.5005415214435252,0.8106012216687645
2.8000000000000003,29,2.7980778629390843,1.9865762655211932,-0.503578270360724,0.8102086000014017
2.8000000000000003,30,2.803180232401026,1.9898340177762703,-0.5062374635320493,0.8095157895581963
2.8000000000000003,31,2.8043620090906174,1.990563430091549,-0.5068007740685435,0.8093551454095197
2.8000000000000003,32,2.808081529995753,1.992584949437376,-0.5085344348427177,0.8088490924987028
2.8000000000000003,33,2.810674144919115,1.99414025152532,-0.5090330680269184,0.8084959621018261
2.8000000000000003,34,2.8143044084684052,1.995710431865189,-0.5114623290125726,0.8080009498316281
2.8000000000000003,35,2.817001787528784,1.997103292412714,-0.5138990410061889,0.8076327292477693
2.8000000000000003,36,2.817515538942616,1.9980665207884831,-0.5155024749399992,0.8075625567901303
2.8000000000000003,37,2.8204195039077216,1.9992317779335056,-0.5188734704471056,0.8071656684149648
2.8000000000000003,38,2.8220049146269215,1.999608498758394,-0.5219677915667519,0.8069488158922609
2.8000000000000003,39,2.8235913963582484,2.0013838245964677,-0.5226446614080484,0.8067316948903543
2.8000000000000003,40,2.826696710847805,2.0033678642735606,-0.5252741202527242,0.8063063579320503
2.9000000000000004,2,3.02719699971092,2.1487312191310037,-0.4036444814795642,0.7778540976113588
2.9000000000000004,3,2.8645647739440823,2.061976403655988,-0.3751555555045753,0.8010819320771977
2.9000000000000004,4,2.81380866689594,2.035127885044594,-0.4061488989596227,0.8080685853920015
2.9000000000000004,5,2.8412716694907143,2.0355553341136075,-0.4451243023259988,0.804303769569036
2.9000000000000004,6,2.8577530523693393,2.0367876121585367,-0.4587100163760029,0.8020268319747288
2.9000000000000004,7,2.8633211421286706,2.0294200654180106,-0.4487207596494558,0.8012546125072602
2.9000000000000004,8,2.86132367315182,2.01940624222677,-0.4677163252094544,0.801531807593431
2.9000000000000004,9,2.8703508784770033,2.0213706164490732,-0.4635267818838799,0.8002775354360298
2.9000000000000004,10,2.853786422466763,2.0160308819015813,-0.4617717176593187,0.8025760335857133
2.9000000000000004,11,2.7786881851050924,1.9844599538194911,-0.430295475314395,0.8128298591374638
2.9000000000000004,12,2.7746706543345367,1.9782140157939423,-0.4313717056835351,0.8133707029767236
2.9000000000000004,13,2.7792918502097703,1.9775783499249864,-0.4364052826030917,0.8127485255380243
2.9000000000000004,14,2.7882671875951868,1.9774246325709235,-0.4463632827203191,0.8115371674258804
2.9000000000000004,15,2.787335762900925,1.9757130718627591,-0.4545773627408939,0.8116630589598575
2.9000000000000004,16,2.7801184366188476,1.9753586417564943,-0.4571686232265636,0.8126371284278073
2.9000000000000004,17,2.7875487301080866,1.9785602369006472,-0.4626897522437355,0.8116342779818604
2.9000000000000004,18,2.78997493466951,1.9813596702894043,-0.4666710606125448,0.8113062387586888
2.9000000000000004,19,2.7941388889415646,1.9830752437737549,-0.4706874915668456,0.8107425788422845
2.9000000000000004,20,2.795814011670444,1.986483698145244,-0.4758813095092091,0.8105155862323759
2.9000000000000004,21,2.79365560581407,1.9863228378629063,-0.4775402259504575,0.8108080423084919
2.9000000000000004,22,2.7959618729265165,1.9856666126545717,-0.4812472573129353,0.8104955433080738
2.9000000000000004,23,2.7982414206591155,1.9879256326574235,-0.4852446284076142,0.8101864113723215
2.9000000000000004,24,2.799007893754767,1.9882799448791897,-0.4879241539154962,0.8100824125299431
2.9000000000000004,25,2.799522485876276,1.9872664604586456,-0.4900770426490652,0.8100125741574187
2.9000000000000004,26,2.8021462132767874,1.9873049388003825,-0.4924823015924306,0.809656292824251
2.9000000000000004,27,2.8028516093155686,1.9876158166465123,-0.4941348526570607,0.8095604487199726
2.9000000000000004,28,2.8047406821520875,1.9891785777730877,-0.4960349294437342,0.8093036563759672
2.9000000000000004,29,2.8074720059084917,1.9899666205666335,-0.4988764699178908,0.8089320661846106
2.9000000000000004,30,2.812204104866741,1.9927772142515563,-0.5013191571033389,0.8082874190715075
2.9000000000000004,31,2.813406844673914,1.9936006778677884,-0.5019007682640709,0.8081233985011708
2.9000000000000004,32,2.816848057518422,1.99528839216972,-0.50355357999919,0.8076537244886921
2.9000000000000004,33,2.819300047834108,1.9965539016218776,-0.5040230909287532,0.8073187142458221
2.9000000000000004,34,2.8227027266555447,1.9979780998060983,-0.5063201902521001,0.8068533305205927
2.9000000000000004,35,2.8252001508642,1.999225501341503,-0.5085626090161489,0.8065114010960542
2.9000000000000004,36,2.8256471576278166,2.0006118200608873,-0.510009729719923,0.8064501682275075
2.9000000000000004,37,2.8283567313260245,2.001641669533997,-0.5131045808855926,0.8060787920779768
2.9000000000000004,38,2.829833635189234,2.0017358729225285,-0.5159549331659065,0.8058762166711746
2.9000000000000004,39,2.8313273620524892,2.003357922915513,-0.5166293407831569,0.8056712262179643
2.9000000000000004,40,2.834207298454889,2.0052155425862868,-0.5190567413101319,0.8052756950274967
3.0,2,3.0312063461911727,2.1528815097291183,-0.4011023054029684,0.7772652692625203
3.0,3,2.8701401054796754,2.0683714332993772,-0.3730393989116885,0.8003068660361484
3.0,4,2.8219890288826153,2.043207519572667,-0.4050900910029275,0.8069509893492248
3.0,5,2.848980571391236,2.043156258660507,-0.4430876575432719,0.8032404079622305
3.0,6,2.8647853153009666,2.0415582025615406,-0.4571736838420791,0.801051301700284
3.0,7,2.870544962269823,2.0368801373002214,-0.447594731629099,0.8002505253556699
3.0,8,2.86870299186162,2.0280530839144557,-0.4658383348417398,0.8005067934711239
3.0,9,2.8776435082495757,2.030107067081426,-0.4622747919761126,0.7992613863292206
3.0,10,2.861960691995342,2.025099630637593,-0.460593894806245,0.8014434274825253
3.0,11,2.7892423082258166,1.9941338967367035,-0.4300857343920365,0.8114053248736697
3.0,12,2.7853682885837983,1.987450569600873,-0.4312045513471541,0.8119288448917058
3.0,13,2.7897925205029033,1.9861562225469,-0.4359925027881383,0.8113309123064939
3.0,14,2.7984795849442543,1.9857357863863947,-0.4453689499461611,0.8101540991199649
3.0,15,2.7976459941405247,1.983623720624493,-0.4530075080053708,0.8102671821156058
3.0,16,2.7906432457894508,1.9823797576739373,-0.4553966032195597,0.811215828453508
3.0,17,2.7977749414706423,1.9851647763253528,-0.4605326722134311,0.8102496916223996
3.0,18,2.8001397543781676,1.98764219684514,-0.4642589794488912,0.8099287840231032
3.0,19,2.804061876961292,1.9892425130100624,-0.468064904676532,0.8093959501159755
3.0,20,2.8055701062466043,1.9922798681852056,-0.4729209074009233,0.8091908534134257
3.0,21,2.8034427652417286,1.9920276224027016,-0.4744519191805302,0.8094801081545722
3.0,22,2.8056077587151624,1.9917691452348685,-0.4778971025618267,0.8091857318279153
3.0,23,2.807697518494962,1.993914500055046,-0.4815957310251414,0.8089013695618803
3.0,24,2.808458286450071,1.9939712892419184,-0.484059283708514,0.8087977961466458
3.0,25,2.8089912084743904,1.9930468158599153,-0.4860075376314826,0.808725225702069
3.0,26,2.8114622889603185,1.9931415255164928,-0.4882283724253693,0.8083885473535066
3.0,27,2.812190977761172,1.993530380716202,-0.489809197320551,0.8082892088601011
3.0,28,2.8139176808062643,1.995005231197751,-0.4915622541877355,0.8080537133080715
3.0,29,2.816498008146634,1.9958198312387216,-0.4942200896306794,0.8077015272156727
3.0,30,2.8208861976057555,1.9981892328139992,-0.4964656780474612,0.8071018466942077
3.0,31,2.822099184691295,1.9983098647582025,-0.497060461252952,0.8069359177917438
3.0,32,2.8252870063805298,1.9995319444115427,-0.4986335364249095,0.8064995040200298
3.0,33,2.827603493760759,2.000773360365479,-0.4990768703969676,0.806182067090387
3.0,34,2.8307943279647207,2.0016422086068335,-0.5012465058512852,0.8057443891531626
3.0,35,2.833106394169741,2.0030163027301096,-0.5033068845326751,0.8054269409769153
3.0,36,2.833496009665356,2.004053902490325,-0.5046137089681345,0.8053734210020389
3.0,37,2.836027064559824,2.005039159261988,-0.5074525901369557,0.8050255605717572
3.0,38,2.837408117981759,2.005086793305554,-0.5100768006311305,0.8048356218486432
3.0,39,2.838814808921641,2.006206917382531,-0.5107459464505997,0.804642062089923
3.0,40,2.8414857189450156,2.0078681434339427,-0.512985890037878,0.804274282596959
